distance,speed,throttle,brake,gear,driver_code
4.8566666666666665,282.0,100.0,False,7,VER
27.17888888888889,287.0,100.0,False,7,VER
49.73444444444444,290.0,100.0,False,7,VER
69.13444444444444,291.0,100.0,False,7,VER
85.52333333333334,295.0,100.0,False,7,VER
121.94555555555556,298.0,100.0,False,8,VER
148.6122222222222,300.0,100.0,False,8,VER
172.25666666666663,304.0,100.0,False,8,VER
196.05666666666664,306.0,100.0,False,8,VER
223.52333333333328,309.0,100.0,False,8,VER
237.30111111111108,310.0,100.0,False,8,VER
264.9455555555556,311.0,100.0,False,8,VER
285.8122222222222,313.0,100.0,False,8,VER
306.74555555555554,314.0,100.0,False,8,VER
320.74555555555554,315.0,100.0,False,8,VER
334.8330555555555,315.0,100.0,False,8,VER
366.5330555555555,317.0,100.0,False,8,VER
384.1997222222222,318.0,100.0,False,8,VER
416.0111111111111,319.0,100.0,False,8,VER
433.7333333333333,319.0,100.0,False,8,VER
447.95555555555546,320.0,100.0,False,8,VER
472.92222222222216,321.0,100.0,False,8,VER
487.18888888888887,321.0,100.0,False,8,VER
508.6555555555556,322.0,100.0,False,8,VER
526.5444444444445,322.0,100.0,False,8,VER
548.0111111111111,322.0,100.0,False,8,VER
569.5444444444444,323.0,100.0,False,8,VER
583.9,323.0,100.0,False,8,VER
605.5,324.0,100.0,False,8,VER
623.4444444444445,323.0,100.0,False,8,VER
651.8,319.0,100.0,False,8,VER
665.8444444444444,316.0,100.0,False,8,VER
683.2333333333333,313.0,96.0,True,8,VER
703.1666666666666,299.0,0.0,True,8,VER
721.8333333333333,280.0,0.0,True,8,VER
736.3333333333334,261.0,0.0,True,7,VER
754.6111111111111,235.0,0.0,True,7,VER
775.6111111111111,210.0,0.0,True,5,VER
793.0333333333333,196.0,0.0,True,5,VER
807.6555555555555,188.0,0.0,True,5,VER
817.6555555555555,180.0,5.0,False,5,VER
832.9444444444443,172.0,43.0,False,5,VER
840.5888888888888,172.0,43.0,False,5,VER
850.3038888888888,174.0,62.0,False,5,VER
872.1816666666666,179.0,87.0,False,5,VER
880.1372222222221,179.0,87.0,False,5,VER
901.9713888888888,197.0,100.0,False,5,VER
910.8602777777776,200.0,100.0,False,5,VER
919.9713888888888,205.0,100.0,False,5,VER
936.5380555555554,213.0,100.0,False,5,VER
948.6491666666666,218.0,100.0,False,5,VER
961.0380555555554,223.0,100.0,False,5,VER
981.4824999999998,230.0,100.0,False,5,VER
999.8380555555552,236.0,100.0,False,5,VER
1013.1713888888888,240.0,100.0,False,5,VER
1023.8380555555552,240.0,100.0,False,6,VER
1048.8380555555552,250.0,100.0,False,6,VER
1071.238055555555,252.0,100.0,False,6,VER
1099.4602777777775,254.0,100.0,False,6,VER
1110.7491666666665,254.0,100.0,False,6,VER
1133.415833333333,255.0,100.0,False,6,VER
1144.7491666666665,255.0,100.0,False,6,VER
1161.9491666666663,258.0,0.0,False,6,VER
1178.3491666666664,246.0,27.0,False,6,VER
1189.0602777777774,241.0,26.0,False,6,VER
1207.026944444444,231.0,39.0,False,6,VER
1232.471388888889,229.0,80.0,False,6,VER
1250.2824999999996,229.0,89.0,False,6,VER
1271.1474999999996,234.0,100.0,False,6,VER
1286.9474999999995,237.0,100.0,False,6,VER
1297.703055555555,242.0,100.0,False,6,VER
1318.7697222222216,237.0,59.0,False,6,VER
1331.714166666666,233.0,26.0,False,6,VER
1349.461666666666,229.0,43.0,False,6,VER
1366.8061111111103,223.0,64.0,False,6,VER
1379.3061111111103,225.0,82.0,False,6,VER
1396.8061111111103,225.0,94.0,False,6,VER
1414.5394444444437,228.0,100.0,False,6,VER
1427.372777777777,231.0,100.0,False,6,VER
1440.483888888888,236.0,100.0,False,6,VER
1456.4172222222212,239.0,96.0,True,6,VER
1472.083888888888,235.0,0.0,True,6,VER
1484.083888888888,216.0,0.0,True,5,VER
1493.5505555555546,213.0,0.0,True,5,VER
1511.3283333333325,200.0,0.0,False,5,VER
1522.2172222222214,196.0,0.0,False,5,VER
1532.9394444444436,193.0,9.0,False,5,VER
1547.6394444444436,189.0,80.0,False,5,VER
1565.1505555555548,197.0,79.0,False,5,VER
1585.250555555555,201.0,81.0,False,5,VER
1605.6505555555543,204.0,94.0,False,5,VER
1619.4505555555547,207.0,100.0,False,5,VER
1628.961666666666,214.0,100.0,False,5,VER
1651.3616666666658,224.0,100.0,False,5,VER
1671.869999999999,230.0,100.0,False,5,VER
1682.1366666666656,231.0,100.0,False,6,VER
1705.5366666666655,234.0,100.0,False,6,VER
1716.0255555555543,236.0,100.0,False,6,VER
1731.892222222221,238.0,100.0,False,6,VER
1745.28111111111,241.0,100.0,False,6,VER
1769.413888888888,242.0,100.0,False,6,VER
1780.3027777777768,245.0,100.0,False,6,VER
1802.258333333332,247.0,100.0,False,6,VER
1813.324999999999,249.0,100.0,False,6,VER
1824.4361111111095,250.0,100.0,False,6,VER
1838.43611111111,252.0,100.0,False,6,VER
1852.547222222221,254.0,100.0,False,6,VER
1869.6805555555543,257.0,100.0,False,6,VER
1884.1249999999984,260.0,100.0,False,6,VER
1898.6249999999989,261.0,100.0,False,6,VER
1913.2916666666652,264.0,100.0,False,7,VER
1925.0694444444432,265.0,100.0,False,7,VER
1936.93611111111,267.0,100.0,False,7,VER
1967.047222222221,271.0,100.0,False,7,VER
1982.213888888888,273.0,100.0,False,7,VER
2003.6027777777765,275.0,100.0,False,7,VER
2028.2249999999988,277.0,100.0,False,7,VER
2056.2249999999985,280.0,100.0,False,7,VER
2071.891666666665,282.0,100.0,False,7,VER
2084.4249999999984,282.0,100.0,False,7,VER
2103.358333333332,284.0,100.0,False,7,VER
2119.191666666665,285.0,100.0,False,7,VER
2141.515555555554,286.0,100.0,False,7,VER
2157.459999999998,287.0,100.0,False,7,VER
2186.4599999999987,290.0,100.0,False,7,VER
2205.793333333332,290.0,100.0,False,7,VER
2218.7711111111093,292.0,100.0,False,7,VER
2234.88222222222,290.0,0.0,True,7,VER
2253.537499999998,281.0,0.0,True,7,VER
2271.6708333333318,272.0,44.0,False,7,VER
2292.437499999998,267.0,100.0,False,7,VER
2307.326388888888,268.0,100.0,False,7,VER
2322.270833333332,269.0,100.0,False,7,VER
2337.048611111109,266.0,47.0,True,7,VER
2357.493055555554,230.0,0.0,True,7,VER
2371.2263888888874,206.0,0.0,True,7,VER
2379.937499999998,196.0,0.0,True,6,VER
2391.404166666665,172.0,0.0,True,5,VER
2398.3819444444425,157.0,0.0,True,4,VER
2409.815277777776,147.0,0.0,True,4,VER
2420.937499999998,143.0,6.0,False,4,VER
2428.6597222222204,139.0,22.0,False,4,VER
2441.370833333332,143.0,62.0,False,4,VER
2452.8819444444425,148.0,71.0,False,4,VER
2469.1819444444427,163.0,100.0,False,4,VER
2476.826388888888,172.0,100.0,False,4,VER
2486.826388888888,180.0,100.0,False,4,VER
2495.004166666665,184.0,100.0,False,4,VER
2508.004166666665,195.0,100.0,False,4,VER
2521.404166666665,201.0,100.0,False,4,VER
2533.017499999998,208.0,100.0,False,4,VER
2555.017499999998,220.0,100.0,False,5,VER
2570.017499999998,225.0,100.0,False,5,VER
2590.6397222222204,232.0,100.0,False,5,VER
2601.173055555554,237.0,100.0,False,5,VER
2614.561944444443,241.0,100.0,False,6,VER
2636.271666666665,245.0,100.0,False,6,VER
2647.382777777776,250.0,100.0,False,6,VER
2667.1383333333315,254.0,100.0,False,6,VER
2702.071666666665,262.0,100.0,False,6,VER
2716.682777777776,263.0,100.0,False,6,VER
2737.216111111109,264.0,100.0,False,6,VER
2760.8605555555537,266.0,100.0,False,6,VER
2785.660555555554,248.0,0.0,True,6,VER
2804.4161111111093,211.0,0.0,True,6,VER
2819.1161111111096,189.0,0.0,True,6,VER
2827.838333333332,157.0,0.0,True,5,VER
2834.81611111111,157.0,0.0,True,4,VER
2843.41611111111,129.0,0.0,True,3,VER
2848.8827777777765,123.0,0.0,True,3,VER
2859.2827777777766,104.0,0.0,True,3,VER
2869.3938888888874,91.0,0.0,True,3,VER
2878.3938888888874,81.0,0.0,False,3,VER
2881.860555555554,78.0,0.0,False,3,VER
2885.3041666666654,77.0,14.0,False,3,VER
2889.4152777777763,74.0,17.0,False,3,VER
2895.481944444443,78.0,26.0,False,3,VER
2902.6819444444427,81.0,32.0,False,3,VER
2906.4597222222205,85.0,40.0,False,3,VER
2914.6374999999985,92.0,51.0,False,3,VER
2920.026388888887,97.0,59.0,False,3,VER
2925.581944444443,100.0,65.0,False,3,VER
2932.951111111109,111.0,75.0,False,3,VER
2942.4399999999982,122.0,94.0,False,3,VER
2948.3511111111093,133.0,100.0,False,3,VER
2959.7066666666647,146.0,100.0,False,3,VER
2966.639999999998,156.0,100.0,False,3,VER
2977.9733333333315,170.0,100.0,False,3,VER
2985.7066666666647,174.0,100.0,False,4,VER
2995.651111111109,179.0,100.0,False,4,VER
3022.051111111109,198.0,100.0,False,4,VER
3035.717777777776,205.0,100.0,False,5,VER
3057.717777777776,220.0,100.0,False,5,VER
3072.584444444443,223.0,100.0,False,5,VER
3101.4288888888877,236.0,100.0,False,6,VER
3111.917777777776,236.0,100.0,False,6,VER
3125.2511111111094,240.0,100.0,False,6,VER
3136.1399999999985,245.0,100.0,False,6,VER
3147.117777777776,247.0,100.0,False,6,VER
3163.651111111109,248.0,100.0,False,6,VER
3186.317777777776,255.0,100.0,False,6,VER
3203.6563888888872,259.0,100.0,False,6,VER
3218.045277777776,259.0,100.0,False,6,VER
3238.4230555555537,262.0,100.0,False,6,VER
3259.189722222221,267.0,100.0,False,7,VER
3277.256388888887,271.0,100.0,False,7,VER
3289.3897222222204,273.0,100.0,False,7,VER
3307.7897222222205,276.0,100.0,False,7,VER
3326.3230555555538,278.0,100.0,False,7,VER
3354.344999999998,281.0,100.0,False,7,VER
3385.900555555554,284.0,100.0,False,7,VER
3401.789444444443,286.0,100.0,False,7,VER
3430.4894444444426,287.0,100.0,False,7,VER
3449.756111111109,289.0,100.0,False,7,VER
3472.311666666665,290.0,100.0,False,7,VER
3498.089444444443,290.0,100.0,False,7,VER
3520.722777777776,291.0,100.0,False,7,VER
3546.7672222222204,293.0,100.0,False,7,VER
3569.478333333331,292.0,100.0,False,7,VER
3585.756111111109,293.0,100.0,False,7,VER
3605.356111111109,294.0,100.0,False,7,VER
3634.7561111111095,294.0,100.0,False,7,VER
3657.700555555554,295.0,100.0,False,7,VER
3677.433888888887,296.0,100.0,False,7,VER
3709.767222222221,291.0,100.0,True,7,VER
3733.753055555554,269.0,0.0,True,7,VER
3748.3086111111097,262.0,0.0,True,7,VER
3759.5086111111095,252.0,0.0,True,7,VER
3785.8419444444426,237.0,29.0,False,6,VER
3798.8419444444426,234.0,65.0,False,6,VER
3814.308611111109,232.0,83.0,False,6,VER
3835.197499999998,235.0,97.0,False,6,VER
3848.1419444444414,233.0,0.0,True,6,VER
3864.9594444444415,217.0,0.0,True,6,VER
3878.759444444442,207.0,0.0,True,6,VER
3889.981666666664,202.0,0.0,True,5,VER
3904.83722222222,191.0,0.0,True,5,VER
3918.7594444444426,179.0,0.0,False,5,VER
3939.781666666665,172.0,30.0,False,5,VER
3956.5816666666647,168.0,79.0,False,5,VER
3980.981666666664,183.0,91.0,False,5,VER
3993.581666666664,189.0,94.0,False,5,VER
4004.526111111109,197.0,100.0,False,5,VER
4027.748333333331,209.0,100.0,False,5,VER
4049.448333333331,217.0,100.0,False,5,VER
4059.314999999998,222.0,100.0,False,5,VER
4077.048333333331,228.0,100.0,False,6,VER
4092.648333333331,234.0,100.0,False,6,VER
4111.537777777775,242.0,100.0,False,6,VER
4128.071111111109,248.0,100.0,False,6,VER
4159.115555555553,254.0,100.0,False,6,VER
4170.537777777775,257.0,100.0,False,6,VER
4184.982222222219,260.0,100.0,False,6,VER
4205.515555555553,264.0,100.0,False,6,VER
4223.248888888886,266.0,100.0,False,7,VER
4235.204444444442,269.0,100.0,False,7,VER
4250.2599999999975,271.0,100.0,False,7,VER
4283.916666666663,276.0,100.0,False,7,VER
4296.18333333333,276.0,100.0,False,7,VER
4311.627777777774,278.0,100.0,False,7,VER
4333.405555555552,280.0,100.0,False,7,VER
4349.072222222219,282.0,100.0,False,7,VER
4361.649999999997,283.0,100.0,False,7,VER
4374.272222222219,284.0,100.0,False,7,VER
4396.516666666664,286.0,100.0,False,7,VER
4425.316666666664,288.0,100.0,False,7,VER
4447.794444444442,289.0,100.0,False,7,VER
4463.905555555553,290.0,100.0,False,7,VER
4483.238888888886,290.0,100.0,False,7,VER
4502.7055555555535,292.0,100.0,False,7,VER
4528.749999999997,293.0,100.0,False,7,VER
4541.772222222219,293.0,100.0,False,7,VER
4558.049999999997,293.0,100.0,False,8,VER
4571.161111111108,295.0,100.0,False,8,VER
4587.5499999999965,295.0,100.0,False,8,VER
4613.94333333333,296.0,100.0,False,8,VER
4647.054444444441,298.0,100.0,False,8,VER
4660.298888888886,298.0,100.0,False,8,VER
4680.23222222222,299.0,100.0,False,8,VER
4700.165555555553,299.0,100.0,False,8,VER
4726.921111111107,301.0,100.0,False,8,VER
4743.64333333333,301.0,100.0,False,8,VER
4763.776666666664,302.0,100.0,False,8,VER
4777.198888888885,302.0,100.0,False,8,VER
4794.032222222219,303.0,100.0,False,8,VER
4810.781388888886,303.0,100.0,False,8,VER
4831.048055555552,304.0,100.0,False,8,VER
4854.614722222219,303.0,100.0,False,8,VER
4891.770277777774,304.0,100.0,False,8,VER
4911.903611111108,302.0,100.0,False,8,VER
4945.236944444441,300.0,100.0,False,8,VER
4961.903611111108,300.0,100.0,False,8,VER
4981.836944444441,299.0,100.0,False,8,VER
5008.32583333333,298.0,100.0,False,8,VER
5021.5258333333295,297.0,100.0,False,8,VER
5044.62583333333,297.0,100.0,False,8,VER
5064.425833333329,297.0,100.0,False,8,VER
5087.5258333333295,297.0,100.0,False,8,VER
5100.725833333329,297.0,100.0,False,8,VER
5120.52583333333,297.0,100.0,False,8,VER
5147.014722222219,298.0,100.0,False,8,VER
5160.259166666664,298.0,100.0,False,8,VER
5173.586388888885,298.0,100.0,False,8,VER
5196.841944444441,299.0,100.0,False,8,VER
5223.419722222219,299.0,100.0,False,8,VER
5240.086388888886,300.0,100.0,False,8,VER
5266.986388888886,269.0,0.0,True,8,VER
5288.053055555552,237.0,0.0,True,8,VER
5303.341944444442,172.0,0.0,True,8,VER
5317.841944444442,145.0,0.0,True,5,VER
5326.538888888886,131.0,0.0,True,3,VER
5333.48333333333,125.0,0.0,True,3,VER
5339.872222222219,115.0,0.0,True,3,VER
5345.427777777774,100.0,0.0,True,3,VER
5350.872222222219,98.0,0.0,False,3,VER
5357.205555555552,95.0,0.0,False,3,VER
5367.09444444444,89.0,26.0,False,3,VER
5375.361111111107,93.0,45.0,False,3,VER
5379.627777777773,96.0,58.0,False,3,VER
5386.69444444444,106.0,12.0,False,3,VER
5395.938888888884,104.0,0.0,False,3,VER
5402.672222222218,101.0,1.0,False,3,VER
5409.272222222218,99.0,35.0,False,3,VER
5417.283333333329,103.0,49.0,False,3,VER
5424.349999999996,106.0,62.0,False,3,VER
5429.416666666662,114.0,53.0,False,3,VER
5440.438888888885,124.0,84.0,False,3,VER
5449.342499999996,133.0,91.0,False,3,VER
5464.642499999996,153.0,100.0,False,3,VER
5475.042499999996,156.0,100.0,False,4,VER
5488.731388888885,176.0,100.0,False,4,VER
5503.042499999996,184.0,100.0,False,4,VER
5515.909166666663,193.0,100.0,False,4,VER
5538.798055555552,206.0,100.0,False,5,VER
5560.498055555552,217.0,100.0,False,5,VER
5575.164722222218,220.0,100.0,False,5,VER
5585.146388888886,226.0,100.0,False,5,VER
5603.268611111108,233.0,100.0,False,5,VER
5616.435277777775,237.0,100.0,False,6,VER
5646.379722222219,245.0,100.0,False,6,VER
5668.5130555555525,249.0,100.0,False,6,VER
5688.5019444444415,257.0,100.0,False,6,VER
5700.146388888887,262.0,100.0,False,6,VER
5732.901944444442,268.0,100.0,False,7,VER
5747.901944444441,270.0,100.0,False,7,VER
15.135555555555555,278.0,99.0,False,7,LEC
43.53555555555556,284.0,99.0,False,7,LEC
69.13555555555556,288.0,99.0,False,7,LEC
91.76888888888888,291.0,99.0,False,7,LEC
114.63555555555556,294.0,99.0,False,7,LEC
144.33555555555557,297.0,99.0,False,8,LEC
157.62444444444446,299.0,99.0,False,8,LEC
187.82444444444445,302.0,99.0,False,8,LEC
208.09111111111116,304.0,99.0,False,8,LEC
245.2841666666667,305.0,99.0,False,8,LEC
279.5063888888889,308.0,99.0,False,8,LEC
303.6175,310.0,99.0,False,8,LEC
338.06194444444446,310.0,99.0,False,8,LEC
372.8397222222222,313.0,99.0,False,8,LEC
386.7508333333333,313.0,99.0,False,8,LEC
428.7508333333333,315.0,99.0,False,8,LEC
442.7508333333333,315.0,99.0,False,8,LEC
460.2508333333333,315.0,99.0,False,8,LEC
481.3841666666666,317.0,99.0,False,8,LEC
502.6055555555556,317.0,99.0,False,8,LEC
537.9388888888889,318.0,99.0,False,8,LEC
552.0722222222222,318.0,99.0,False,8,LEC
580.4277777777778,319.0,99.0,False,8,LEC
608.7833333333333,319.0,99.0,False,8,LEC
626.5055555555556,319.0,99.0,False,8,LEC
640.5500000000001,316.0,99.0,False,8,LEC
654.5500000000001,315.0,99.0,False,8,LEC
682.0166666666668,309.0,99.0,False,8,LEC
698.9611111111111,305.0,81.0,True,8,LEC
717.8277777777778,283.0,7.0,True,8,LEC
744.3833333333333,239.0,5.0,True,8,LEC
759.1833333333334,222.0,7.0,True,6,LEC
781.5166666666668,201.0,9.0,True,5,LEC
798.0869444444445,187.0,9.0,True,5,LEC
806.2202777777778,183.0,35.0,True,5,LEC
818.1536111111112,179.0,60.0,False,5,LEC
828.0980555555557,179.0,62.0,False,5,LEC
842.0980555555557,180.0,72.0,False,5,LEC
862.3202777777778,182.0,72.0,False,5,LEC
870.5425,185.0,72.0,False,5,LEC
880.9313888888889,187.0,76.0,False,5,LEC
895.7869444444444,191.0,99.0,False,5,LEC
904.4980555555557,196.0,99.0,False,5,LEC
920.0536111111112,200.0,99.0,False,5,LEC
931.4425,205.0,99.0,False,5,LEC
943.4466666666666,215.0,99.0,False,5,LEC
953.0911111111112,217.0,99.0,False,5,LEC
969.968888888889,217.0,99.0,False,5,LEC
987.9355555555557,231.0,99.0,False,6,LEC
1008.8244444444445,235.0,99.0,False,6,LEC
1033.3244444444445,245.0,99.0,False,6,LEC
1049.8577777777778,248.0,99.0,False,6,LEC
1066.5244444444445,250.0,99.0,False,6,LEC
1077.7244444444443,252.0,99.0,False,6,LEC
1103.2244444444443,255.0,99.0,False,6,LEC
1114.468888888889,253.0,99.0,False,6,LEC
1137.0466666666669,254.0,99.0,False,6,LEC
1157.0355555555557,257.0,90.0,True,6,LEC
1176.7133333333336,253.0,52.0,True,6,LEC
1190.3800000000003,246.0,51.0,True,6,LEC
1203.646666666667,240.0,52.0,False,6,LEC
1216.7022222222224,235.0,60.0,False,6,LEC
1231.9688888888893,229.0,72.0,False,6,LEC
1252.413333333334,230.0,83.0,False,6,LEC
1262.635555555556,230.0,87.0,False,6,LEC
1283.613333333334,236.0,99.0,False,6,LEC
1296.835555555556,238.0,99.0,False,6,LEC
1320.835555555556,240.0,53.0,True,6,LEC
1346.2800000000004,229.0,48.0,False,6,LEC
1358.724444444445,224.0,55.0,False,6,LEC
1368.5633333333335,220.0,56.0,False,6,LEC
1383.163333333334,219.0,64.0,False,6,LEC
1406.9411111111117,214.0,86.0,False,6,LEC
1434.3188888888894,224.0,99.0,False,6,LEC
1444.274444444445,224.0,99.0,False,6,LEC
1459.6077777777782,230.0,76.0,False,6,LEC
1481.707777777778,221.0,29.0,True,6,LEC
1495.774444444445,211.0,47.0,False,5,LEC
1504.974444444445,207.0,57.0,False,5,LEC
1514.0411111111116,204.0,43.0,False,5,LEC
1525.1522222222227,200.0,57.0,False,5,LEC
1542.7522222222226,198.0,54.0,False,5,LEC
1560.085555555556,195.0,64.0,False,5,LEC
1573.1522222222225,196.0,74.0,False,5,LEC
1581.907777777778,197.0,77.0,False,5,LEC
1599.7744444444447,201.0,87.0,False,5,LEC
1613.450555555556,206.0,99.0,False,5,LEC
1634.950555555556,215.0,99.0,False,5,LEC
1647.172777777778,220.0,99.0,False,5,LEC
1659.7283333333337,226.0,97.0,False,5,LEC
1687.8394444444446,230.0,86.0,False,6,LEC
1703.1727777777778,230.0,83.0,False,6,LEC
1718.6394444444445,232.0,91.0,False,6,LEC
1731.5838888888889,233.0,87.0,False,6,LEC
1755.0838888888889,235.0,90.0,False,6,LEC
1781.5944444444444,238.0,99.0,False,6,LEC
1805.7944444444445,242.0,99.0,False,6,LEC
1824.927777777778,246.0,99.0,False,6,LEC
1835.8611111111115,246.0,99.0,False,6,LEC
1852.6611111111115,252.0,99.0,False,6,LEC
1863.8611111111115,252.0,99.0,False,6,LEC
1880.7944444444447,254.0,99.0,False,6,LEC
1892.1722222222224,256.0,99.0,False,6,LEC
1903.6833333333336,259.0,99.0,False,6,LEC
1921.15,262.0,99.0,False,7,LEC
1935.8166666666664,264.0,99.0,False,7,LEC
1956.5833333333333,267.0,99.0,False,7,LEC
1968.5833333333333,270.0,99.0,False,7,LEC
1989.7388888888888,272.0,99.0,False,7,LEC
2017.1388888888887,274.0,99.0,False,7,LEC
2032.4166666666663,275.0,99.0,False,7,LEC
2044.7277777777776,277.0,99.0,False,7,LEC
2060.2277777777776,279.0,99.0,False,7,LEC
2088.2497222222223,281.0,99.0,False,7,LEC
2100.783055555556,282.0,99.0,False,7,LEC
2119.716388888889,284.0,99.0,False,7,LEC
2132.3830555555555,285.0,99.0,False,7,LEC
2151.449722222222,286.0,99.0,False,7,LEC
2173.9275,289.0,99.0,False,7,LEC
2203.0275,291.0,99.0,False,7,LEC
2228.805277777777,290.0,90.0,True,7,LEC
2256.8830555555555,280.0,51.0,True,7,LEC
2280.9719444444445,271.0,72.0,False,7,LEC
2310.7497222222223,268.0,99.0,False,7,LEC
2331.5941666666668,268.0,99.0,False,7,LEC
2354.8830555555555,262.0,53.0,True,7,LEC
2375.3275,230.0,5.0,True,7,LEC
2393.1275,178.0,6.0,True,6,LEC
2401.0386111111115,178.0,6.0,True,5,LEC
2413.405277777778,159.0,8.0,True,4,LEC
2429.960833333333,149.0,17.0,False,4,LEC
2442.849722222222,145.0,54.0,False,4,LEC
2450.7941666666666,143.0,73.0,False,4,LEC
2462.305277777777,148.0,80.0,False,4,LEC
2469.105277777777,153.0,83.0,False,4,LEC
2481.471944444444,159.0,99.0,False,4,LEC
2493.271944444444,177.0,99.0,False,4,LEC
2507.9969444444446,190.0,99.0,False,4,LEC
2520.863611111111,193.0,99.0,False,5,LEC
2551.630277777778,213.0,99.0,False,5,LEC
2568.974722222222,223.0,99.0,False,5,LEC
2579.0636111111107,227.0,99.0,False,5,LEC
2605.285833333333,236.0,99.0,False,6,LEC
2632.464722222222,244.0,99.0,False,6,LEC
2651.753611111111,248.0,99.0,False,6,LEC
2674.331388888889,254.0,99.0,False,6,LEC
2688.664722222222,258.0,99.0,False,6,LEC
2703.053611111111,259.0,99.0,False,6,LEC
2720.5202777777777,262.0,99.0,False,6,LEC
2743.8980555555554,263.0,99.0,False,6,LEC
2764.4313888888883,264.0,99.0,False,6,LEC
2779.153611111111,265.0,99.0,False,6,LEC
2798.9091666666664,254.0,5.0,True,6,LEC
2820.109166666666,212.0,1.0,True,6,LEC
2828.3313888888883,185.0,1.0,True,6,LEC
2835.975833333333,172.0,2.0,True,6,LEC
2842.686944444444,151.0,1.0,True,5,LEC
2854.686944444444,120.0,1.0,True,2,LEC
2863.9313888888883,104.0,0.0,True,2,LEC
2869.3758333333326,98.0,0.0,True,2,LEC
2875.442499999999,91.0,0.0,True,2,LEC
2881.874999999999,83.0,0.0,True,2,LEC
2887.074999999999,78.0,0.0,False,2,LEC
2893.6527777777765,74.0,15.0,False,2,LEC
2898.58611111111,74.0,34.0,False,2,LEC
2903.719444444443,77.0,37.0,False,2,LEC
2908.108333333332,79.0,39.0,False,2,LEC
2915.308333333332,81.0,51.0,False,2,LEC
2919.08611111111,85.0,57.0,False,2,LEC
2925.28611111111,93.0,59.0,False,2,LEC
2931.712777777777,96.0,72.0,False,2,LEC
2937.601666666666,106.0,76.0,False,2,LEC
2945.534999999999,119.0,80.0,False,2,LEC
2957.179444444444,131.0,84.0,False,3,LEC
2963.2683333333325,137.0,98.0,False,3,LEC
2973.201666666666,149.0,98.0,False,3,LEC
2988.2238888888883,169.0,99.0,False,4,LEC
2996.1349999999998,178.0,99.0,False,4,LEC
3004.2238888888883,182.0,99.0,False,4,LEC
3014.834999999999,191.0,99.0,False,4,LEC
3030.4683333333323,201.0,99.0,False,5,LEC
3042.023888888888,208.0,99.0,False,5,LEC
3053.857222222221,213.0,99.0,False,5,LEC
3065.6905555555545,213.0,99.0,False,5,LEC
3088.5905555555546,229.0,99.0,False,5,LEC
3109.4794444444437,235.0,99.0,False,6,LEC
3120.057222222221,238.0,99.0,False,6,LEC
3133.5016666666656,242.0,99.0,False,6,LEC
3147.1127777777765,245.0,99.0,False,6,LEC
3158.0905555555546,247.0,99.0,False,6,LEC
3177.6205555555543,252.0,99.0,False,6,LEC
3197.5316666666654,256.0,99.0,False,6,LEC
3214.7316666666657,258.0,99.0,False,6,LEC
3229.2316666666657,261.0,99.0,False,7,LEC
3252.6983333333324,264.0,99.0,False,7,LEC
3282.6983333333324,270.0,99.0,False,7,LEC
3313.218888888888,274.0,99.0,False,7,LEC
3328.496666666665,275.0,99.0,False,7,LEC
3347.1633333333325,280.0,99.0,False,7,LEC
3365.8299999999986,280.0,99.0,False,7,LEC
3381.552222222221,283.0,99.0,False,7,LEC
3406.8855555555547,285.0,99.0,False,7,LEC
3422.8299999999995,287.0,99.0,False,7,LEC
3442.029999999999,288.0,99.0,False,7,LEC
3464.429999999999,288.0,99.0,False,7,LEC
3486.829999999999,288.0,99.0,False,7,LEC
3509.3855555555547,290.0,100.0,False,7,LEC
3528.718888888888,290.0,99.0,False,7,LEC
3561.0522222222216,291.0,99.0,False,7,LEC
3593.496666666666,292.0,99.0,False,7,LEC
3626.0522222222216,293.0,99.0,False,7,LEC
3639.1188888888887,294.0,99.0,False,7,LEC
3652.23,295.0,99.0,False,7,LEC
3678.541111111111,296.0,99.0,False,7,LEC
3694.985555555556,296.0,99.0,False,7,LEC
3708.0588888888888,296.0,99.0,False,7,LEC
3733.7477777777776,289.0,20.0,True,7,LEC
3746.236666666666,281.0,19.0,True,7,LEC
3758.103333333333,267.0,20.0,True,7,LEC
3788.658888888888,250.0,63.0,False,6,LEC
3807.636666666666,244.0,64.0,False,6,LEC
3834.25861111111,239.0,71.0,False,6,LEC
3857.85861111111,236.0,57.0,False,6,LEC
3870.747499999999,232.0,5.0,True,6,LEC
3882.636388888888,214.0,5.0,True,6,LEC
3892.147499999999,214.0,6.0,True,5,LEC
3903.203055555555,199.0,5.0,True,5,LEC
3911.6919444444434,191.0,5.0,True,5,LEC
3931.6919444444434,180.0,7.0,True,5,LEC
3978.891944444443,177.0,80.0,False,5,LEC
3991.025277777776,182.0,83.0,False,5,LEC
4003.491944444443,187.0,99.0,False,5,LEC
4014.214166666665,193.0,99.0,False,5,LEC
4027.680833333332,202.0,99.0,False,5,LEC
4041.614166666666,209.0,99.0,False,5,LEC
4055.880833333332,214.0,99.0,False,5,LEC
4080.880833333332,225.0,99.0,False,5,LEC
4093.6586111111096,230.0,99.0,False,6,LEC
4106.7041666666655,236.0,99.0,False,6,LEC
4122.904166666665,243.0,99.0,False,6,LEC
4150.793055555554,251.0,99.0,False,6,LEC
4170.781944444443,257.0,99.0,False,6,LEC
4194.070833333332,262.0,99.0,False,6,LEC
4205.759722222221,263.0,99.0,False,7,LEC
4232.734444444443,269.0,99.0,False,7,LEC
4259.934444444443,272.0,99.0,False,7,LEC
4287.434444444443,275.0,99.0,False,7,LEC
4302.823333333331,277.0,99.0,False,7,LEC
4330.823333333332,280.0,99.0,False,7,LEC
4352.756666666664,282.0,99.0,False,7,LEC
4381.256666666664,285.0,99.0,False,7,LEC
4397.089999999998,285.0,99.0,False,7,LEC
4409.845555555555,287.0,99.0,False,7,LEC
4435.445555555554,288.0,99.0,False,7,LEC
4454.578888888887,287.0,99.0,False,7,LEC
4467.423333333332,289.0,99.0,False,7,LEC
4506.223333333332,291.0,99.0,False,7,LEC
4532.178888888888,292.0,99.0,False,7,LEC
4554.967777777777,293.0,99.0,False,8,LEC
4581.10111111111,294.0,99.0,False,8,LEC
4594.212222222221,295.0,99.0,False,8,LEC
4610.656666666665,296.0,99.0,False,8,LEC
4630.241388888888,295.0,99.0,False,8,LEC
4653.341388888888,297.0,99.0,False,8,LEC
4683.041388888888,297.0,99.0,False,8,LEC
4699.541388888888,297.0,99.0,False,8,LEC
4719.408055555554,298.0,99.0,False,8,LEC
4735.9636111111095,298.0,99.0,False,8,LEC
4755.979999999999,299.0,99.0,False,8,LEC
4769.268888888887,299.0,99.0,False,8,LEC
4785.935555555554,300.0,99.0,False,8,LEC
4799.268888888887,300.0,99.0,False,8,LEC
4819.3355555555545,301.0,99.0,False,8,LEC
4836.057777777776,301.0,99.0,False,8,LEC
4849.435555555555,301.0,99.0,False,8,LEC
4879.535555555555,301.0,99.0,False,8,LEC
4916.202222222221,300.0,99.0,False,8,LEC
4942.779999999999,299.0,99.0,False,8,LEC
4959.3355555555545,298.0,99.0,False,8,LEC
4972.579999999999,298.0,99.0,False,8,LEC
4995.8355555555545,299.0,99.0,False,8,LEC
5018.935555555555,297.0,99.0,False,8,LEC
5048.635555555555,297.0,99.0,False,8,LEC
5081.524444444444,296.0,99.0,False,8,LEC
5101.257777777777,296.0,99.0,False,8,LEC
5114.413333333332,296.0,99.0,False,8,LEC
5127.568888888888,296.0,99.0,False,8,LEC
5144.068888888887,297.0,99.0,False,8,LEC
5167.168888888888,297.0,99.0,False,8,LEC
5190.263888888889,298.0,99.0,False,8,LEC
5210.130555555555,298.0,99.0,False,8,LEC
5236.530555555554,297.0,99.0,False,8,LEC
5269.419444444444,296.0,0.0,True,8,LEC
5281.952777777777,282.0,0.0,True,8,LEC
5297.416944444443,231.0,0.0,True,7,LEC
5317.58361111111,165.0,0.0,True,7,LEC
5327.916944444444,155.0,0.0,True,5,LEC
5339.716944444444,118.0,0.0,True,3,LEC
5346.983611111111,109.0,2.0,True,3,LEC
5357.761388888889,97.0,3.0,True,3,LEC
5363.961388888889,93.0,18.0,False,3,LEC
5370.161388888889,93.0,28.0,False,3,LEC
5377.4725,94.0,40.0,False,3,LEC
5384.939166666666,96.0,41.0,False,3,LEC
5392.950277777777,103.0,55.0,False,3,LEC
5402.461388888888,107.0,0.0,True,3,LEC
5410.239166666665,100.0,6.0,False,3,LEC
5414.594722222221,98.0,14.0,False,3,LEC
5425.261388888888,96.0,42.0,False,3,LEC
5433.039166666666,100.0,59.0,False,3,LEC
5437.616944444444,103.0,68.0,False,3,LEC
5450.728055555554,118.0,80.0,False,3,LEC
5457.728055555554,126.0,90.0,False,3,LEC
5465.30111111111,137.0,99.0,False,3,LEC
5471.834444444443,147.0,99.0,False,3,LEC
5480.5566666666655,157.0,99.0,False,4,LEC
5491.356666666666,162.0,99.0,False,4,LEC
5507.267777777776,179.0,99.0,False,4,LEC
5524.476944444443,193.0,99.0,False,5,LEC
5535.588055555554,200.0,99.0,False,5,LEC
5549.321388888887,206.0,99.0,False,5,LEC
5560.765833333331,206.0,99.0,False,5,LEC
5585.432499999998,222.0,99.0,False,5,LEC
5611.099166666664,231.0,99.0,False,6,LEC
5640.310277777776,239.0,100.0,False,6,LEC
5665.010277777776,247.0,99.0,False,6,LEC
5696.176944444442,255.0,99.0,False,6,LEC
5716.476944444442,261.0,99.0,False,7,LEC
5737.165833333331,266.0,99.0,False,7,LEC
5755.099166666664,269.0,99.0,False,7,LEC
5779.454722222219,274.0,99.0,False,7,LEC
