Date,RPM,Speed,nGear,Throttle,Brake,DRS,Source,Time,SessionTime,Distance,Driver
2024-04-06 06:58:14.788,11189.0,282.0,7,100.0,False,12,car,0 days 00:00:00.062000,0 days 01:10:22.217000,4.8566666666666665,VER
2024-04-06 06:58:15.068,11296.0,287.0,7,100.0,False,12,car,0 days 00:00:00.342000,0 days 01:10:22.497000,27.17888888888889,VER
2024-04-06 06:58:15.348,11404.0,290.0,7,100.0,False,12,car,0 days 00:00:00.622000,0 days 01:10:22.777000,49.73444444444444,VER
2024-04-06 06:58:15.588,11533.0,291.0,7,100.0,False,12,car,0 days 00:00:00.862000,0 days 01:10:23.017000,69.13444444444444,VER
2024-04-06 06:58:15.788,11578.0,295.0,7,100.0,False,12,car,0 days 00:00:01.062000,0 days 01:10:23.217000,85.52333333333334,VER
2024-04-06 06:58:16.228,10511.0,298.0,8,100.0,False,12,car,0 days 00:00:01.502000,0 days 01:10:23.657000,121.94555555555556,VER
2024-04-06 06:58:16.548,10727.0,300.0,8,100.0,False,12,car,0 days 00:00:01.822000,0 days 01:10:23.977000,148.6122222222222,VER
2024-04-06 06:58:16.828,10819.0,304.0,8,100.0,False,12,car,0 days 00:00:02.102000,0 days 01:10:24.257000,172.25666666666663,VER
2024-04-06 06:58:17.108,10852.0,306.0,8,100.0,False,12,car,0 days 00:00:02.382000,0 days 01:10:24.537000,196.05666666666664,VER
2024-04-06 06:58:17.428,10964.0,309.0,8,100.0,False,12,car,0 days 00:00:02.702000,0 days 01:10:24.857000,223.52333333333328,VER
2024-04-06 06:58:17.588,11003.0,310.0,8,100.0,False,12,car,0 days 00:00:02.862000,0 days 01:10:25.017000,237.30111111111108,VER
2024-04-06 06:58:17.908,11046.0,311.0,8,100.0,False,12,car,0 days 00:00:03.182000,0 days 01:10:25.337000,264.9455555555556,VER
2024-04-06 06:58:18.148,11114.0,313.0,8,100.0,False,12,car,0 days 00:00:03.422000,0 days 01:10:25.577000,285.8122222222222,VER
2024-04-06 06:58:18.388,11115.0,314.0,8,100.0,False,12,car,0 days 00:00:03.662000,0 days 01:10:25.817000,306.74555555555554,VER
2024-04-06 06:58:18.548,11135.0,315.0,8,100.0,False,12,car,0 days 00:00:03.822000,0 days 01:10:25.977000,320.74555555555554,VER
2024-04-06 06:58:18.709,11137.0,315.0,8,100.0,False,12,car,0 days 00:00:03.983000,0 days 01:10:26.138000,334.8330555555555,VER
2024-04-06 06:58:19.069,11184.0,317.0,8,100.0,False,12,car,0 days 00:00:04.343000,0 days 01:10:26.498000,366.5330555555555,VER
2024-04-06 06:58:19.269,11213.0,318.0,8,100.0,False,12,car,0 days 00:00:04.543000,0 days 01:10:26.698000,384.1997222222222,VER
2024-04-06 06:58:19.628,11252.0,319.0,8,100.0,False,12,car,0 days 00:00:04.902000,0 days 01:10:27.057000,416.0111111111111,VER
2024-04-06 06:58:19.828,11277.0,319.0,8,100.0,False,12,car,0 days 00:00:05.102000,0 days 01:10:27.257000,433.7333333333333,VER
2024-04-06 06:58:19.988,11277.0,320.0,8,100.0,False,12,car,0 days 00:00:05.262000,0 days 01:10:27.417000,447.95555555555546,VER
2024-04-06 06:58:20.268,11398.0,321.0,8,100.0,False,12,car,0 days 00:00:05.542000,0 days 01:10:27.697000,472.92222222222216,VER
2024-04-06 06:58:20.428,11424.0,321.0,8,100.0,False,12,car,0 days 00:00:05.702000,0 days 01:10:27.857000,487.18888888888887,VER
2024-04-06 06:58:20.668,11363.0,322.0,8,100.0,False,12,car,0 days 00:00:05.942000,0 days 01:10:28.097000,508.6555555555556,VER
2024-04-06 06:58:20.868,11387.0,322.0,8,100.0,False,12,car,0 days 00:00:06.142000,0 days 01:10:28.297000,526.5444444444445,VER
2024-04-06 06:58:21.108,11428.0,322.0,8,100.0,False,12,car,0 days 00:00:06.382000,0 days 01:10:28.537000,548.0111111111111,VER
2024-04-06 06:58:21.348,11409.0,323.0,8,100.0,False,12,car,0 days 00:00:06.622000,0 days 01:10:28.777000,569.5444444444444,VER
2024-04-06 06:58:21.508,11405.0,323.0,8,100.0,False,12,car,0 days 00:00:06.782000,0 days 01:10:28.937000,583.9,VER
2024-04-06 06:58:21.748,11397.0,324.0,8,100.0,False,12,car,0 days 00:00:07.022000,0 days 01:10:29.177000,605.5,VER
2024-04-06 06:58:21.948,11405.0,323.0,8,100.0,False,10,car,0 days 00:00:07.222000,0 days 01:10:29.377000,623.4444444444445,VER
2024-04-06 06:58:22.268,11299.0,319.0,8,100.0,False,8,car,0 days 00:00:07.542000,0 days 01:10:29.697000,651.8,VER
2024-04-06 06:58:22.428,11203.0,316.0,8,100.0,False,8,car,0 days 00:00:07.702000,0 days 01:10:29.857000,665.8444444444444,VER
2024-04-06 06:58:22.628,11080.0,313.0,8,96.0,True,8,car,0 days 00:00:07.902000,0 days 01:10:30.057000,683.2333333333333,VER
2024-04-06 06:58:22.868,10493.0,299.0,8,0.0,True,8,car,0 days 00:00:08.142000,0 days 01:10:30.297000,703.1666666666666,VER
2024-04-06 06:58:23.108,10554.0,280.0,8,0.0,True,8,car,0 days 00:00:08.382000,0 days 01:10:30.537000,721.8333333333333,VER
2024-04-06 06:58:23.308,11113.0,261.0,7,0.0,True,8,car,0 days 00:00:08.582000,0 days 01:10:30.737000,736.3333333333334,VER
2024-04-06 06:58:23.588,10903.0,235.0,7,0.0,True,8,car,0 days 00:00:08.862000,0 days 01:10:31.017000,754.6111111111111,VER
2024-04-06 06:58:23.948,10407.0,210.0,5,0.0,True,8,car,0 days 00:00:09.222000,0 days 01:10:31.377000,775.6111111111111,VER
2024-04-06 06:58:24.268,9711.0,196.0,5,0.0,True,8,car,0 days 00:00:09.542000,0 days 01:10:31.697000,793.0333333333333,VER
2024-04-06 06:58:24.548,9334.0,188.0,5,0.0,True,8,car,0 days 00:00:09.822000,0 days 01:10:31.977000,807.6555555555555,VER
2024-04-06 06:58:24.748,9125.0,180.0,5,5.0,False,8,car,0 days 00:00:10.022000,0 days 01:10:32.177000,817.6555555555555,VER
2024-04-06 06:58:25.068,8840.0,172.0,5,43.0,False,8,car,0 days 00:00:10.342000,0 days 01:10:32.497000,832.9444444444443,VER
2024-04-06 06:58:25.228,8897.0,172.0,5,43.0,False,8,car,0 days 00:00:10.502000,0 days 01:10:32.657000,840.5888888888888,VER
2024-04-06 06:58:25.429,9185.0,174.0,5,62.0,False,8,car,0 days 00:00:10.703000,0 days 01:10:32.858000,850.3038888888888,VER
2024-04-06 06:58:25.869,9549.0,179.0,5,87.0,False,8,car,0 days 00:00:11.143000,0 days 01:10:33.298000,872.1816666666666,VER
2024-04-06 06:58:26.029,9692.0,179.0,5,87.0,False,8,car,0 days 00:00:11.303000,0 days 01:10:33.458000,880.1372222222221,VER
2024-04-06 06:58:26.428,10362.0,197.0,5,100.0,False,8,car,0 days 00:00:11.702000,0 days 01:10:33.857000,901.9713888888888,VER
2024-04-06 06:58:26.588,10536.0,200.0,5,100.0,False,8,car,0 days 00:00:11.862000,0 days 01:10:34.017000,910.8602777777776,VER
2024-04-06 06:58:26.748,10827.0,205.0,5,100.0,False,8,car,0 days 00:00:12.022000,0 days 01:10:34.177000,919.9713888888888,VER
2024-04-06 06:58:27.028,11027.0,213.0,5,100.0,False,8,car,0 days 00:00:12.302000,0 days 01:10:34.457000,936.5380555555554,VER
2024-04-06 06:58:27.228,11317.0,218.0,5,100.0,False,8,car,0 days 00:00:12.502000,0 days 01:10:34.657000,948.6491666666666,VER
2024-04-06 06:58:27.428,11457.0,223.0,5,100.0,False,8,car,0 days 00:00:12.702000,0 days 01:10:34.857000,961.0380555555554,VER
2024-04-06 06:58:27.748,11803.0,230.0,5,100.0,False,8,car,0 days 00:00:13.022000,0 days 01:10:35.177000,981.4824999999998,VER
2024-04-06 06:58:28.028,11039.0,236.0,5,100.0,False,8,car,0 days 00:00:13.302000,0 days 01:10:35.457000,999.8380555555552,VER
2024-04-06 06:58:28.228,10798.0,240.0,5,100.0,False,8,car,0 days 00:00:13.502000,0 days 01:10:35.657000,1013.1713888888888,VER
2024-04-06 06:58:28.388,10907.0,240.0,6,100.0,False,8,car,0 days 00:00:13.662000,0 days 01:10:35.817000,1023.8380555555552,VER
2024-04-06 06:58:28.748,11236.0,250.0,6,100.0,False,8,car,0 days 00:00:14.022000,0 days 01:10:36.177000,1048.8380555555552,VER
2024-04-06 06:58:29.068,11381.0,252.0,6,100.0,False,8,car,0 days 00:00:14.342000,0 days 01:10:36.497000,1071.238055555555,VER
2024-04-06 06:58:29.468,11418.0,254.0,6,100.0,False,8,car,0 days 00:00:14.742000,0 days 01:10:36.897000,1099.4602777777775,VER
2024-04-06 06:58:29.628,11466.0,254.0,6,100.0,False,8,car,0 days 00:00:14.902000,0 days 01:10:37.057000,1110.7491666666665,VER
2024-04-06 06:58:29.948,11544.0,255.0,6,100.0,False,8,car,0 days 00:00:15.222000,0 days 01:10:37.377000,1133.415833333333,VER
2024-04-06 06:58:30.108,11544.0,255.0,6,100.0,False,8,car,0 days 00:00:15.382000,0 days 01:10:37.537000,1144.7491666666665,VER
2024-04-06 06:58:30.348,11188.0,258.0,6,0.0,False,8,car,0 days 00:00:15.622000,0 days 01:10:37.777000,1161.9491666666663,VER
2024-04-06 06:58:30.588,10709.0,246.0,6,27.0,False,8,car,0 days 00:00:15.862000,0 days 01:10:38.017000,1178.3491666666664,VER
2024-04-06 06:58:30.748,10613.0,241.0,6,26.0,False,8,car,0 days 00:00:16.022000,0 days 01:10:38.177000,1189.0602777777774,VER
2024-04-06 06:58:31.028,10470.0,231.0,6,39.0,False,8,car,0 days 00:00:16.302000,0 days 01:10:38.457000,1207.026944444444,VER
2024-04-06 06:58:31.428,10431.0,229.0,6,80.0,False,8,car,0 days 00:00:16.702000,0 days 01:10:38.857000,1232.471388888889,VER
2024-04-06 06:58:31.708,10457.0,229.0,6,89.0,False,8,car,0 days 00:00:16.982000,0 days 01:10:39.137000,1250.2824999999996,VER
2024-04-06 06:58:32.029,10572.0,234.0,6,100.0,False,8,car,0 days 00:00:17.303000,0 days 01:10:39.458000,1271.1474999999996,VER
2024-04-06 06:58:32.269,10714.0,237.0,6,100.0,False,8,car,0 days 00:00:17.543000,0 days 01:10:39.698000,1286.9474999999995,VER
2024-04-06 06:58:32.429,10887.0,242.0,6,100.0,False,8,car,0 days 00:00:17.703000,0 days 01:10:39.858000,1297.703055555555,VER
2024-04-06 06:58:32.749,10608.0,237.0,6,59.0,False,8,car,0 days 00:00:18.023000,0 days 01:10:40.178000,1318.7697222222216,VER
2024-04-06 06:58:32.949,10569.0,233.0,6,26.0,False,8,car,0 days 00:00:18.223000,0 days 01:10:40.378000,1331.714166666666,VER
2024-04-06 06:58:33.228,10099.0,229.0,6,43.0,False,8,car,0 days 00:00:18.502000,0 days 01:10:40.657000,1349.461666666666,VER
2024-04-06 06:58:33.508,10113.0,223.0,6,64.0,False,8,car,0 days 00:00:18.782000,0 days 01:10:40.937000,1366.8061111111103,VER
2024-04-06 06:58:33.708,10181.0,225.0,6,82.0,False,8,car,0 days 00:00:18.982000,0 days 01:10:41.137000,1379.3061111111103,VER
2024-04-06 06:58:33.988,10298.0,225.0,6,94.0,False,8,car,0 days 00:00:19.262000,0 days 01:10:41.417000,1396.8061111111103,VER
2024-04-06 06:58:34.268,10403.0,228.0,6,100.0,False,8,car,0 days 00:00:19.542000,0 days 01:10:41.697000,1414.5394444444437,VER
2024-04-06 06:58:34.468,10403.0,231.0,6,100.0,False,8,car,0 days 00:00:19.742000,0 days 01:10:41.897000,1427.372777777777,VER
2024-04-06 06:58:34.668,10726.0,236.0,6,100.0,False,8,car,0 days 00:00:19.942000,0 days 01:10:42.097000,1440.483888888888,VER
2024-04-06 06:58:34.908,10371.0,239.0,6,96.0,True,8,car,0 days 00:00:20.182000,0 days 01:10:42.337000,1456.4172222222212,VER
2024-04-06 06:58:35.148,10141.0,235.0,6,0.0,True,8,car,0 days 00:00:20.422000,0 days 01:10:42.577000,1472.083888888888,VER
2024-04-06 06:58:35.348,10841.0,216.0,5,0.0,True,8,car,0 days 00:00:20.622000,0 days 01:10:42.777000,1484.083888888888,VER
2024-04-06 06:58:35.508,10518.0,213.0,5,0.0,True,8,car,0 days 00:00:20.782000,0 days 01:10:42.937000,1493.5505555555546,VER
2024-04-06 06:58:35.828,10047.0,200.0,5,0.0,False,8,car,0 days 00:00:21.102000,0 days 01:10:43.257000,1511.3283333333325,VER
2024-04-06 06:58:36.028,9921.0,196.0,5,0.0,False,8,car,0 days 00:00:21.302000,0 days 01:10:43.457000,1522.2172222222214,VER
2024-04-06 06:58:36.228,9607.0,193.0,5,9.0,False,8,car,0 days 00:00:21.502000,0 days 01:10:43.657000,1532.9394444444436,VER
2024-04-06 06:58:36.508,9919.0,189.0,5,80.0,False,8,car,0 days 00:00:21.782000,0 days 01:10:43.937000,1547.6394444444436,VER
2024-04-06 06:58:36.828,10398.0,197.0,5,79.0,False,8,car,0 days 00:00:22.102000,0 days 01:10:44.257000,1565.1505555555548,VER
2024-04-06 06:58:37.188,10624.0,201.0,5,81.0,False,8,car,0 days 00:00:22.462000,0 days 01:10:44.617000,1585.250555555555,VER
2024-04-06 06:58:37.548,10808.0,204.0,5,94.0,False,8,car,0 days 00:00:22.822000,0 days 01:10:44.977000,1605.6505555555543,VER
2024-04-06 06:58:37.788,11136.0,207.0,5,100.0,False,8,car,0 days 00:00:23.062000,0 days 01:10:45.217000,1619.4505555555547,VER
2024-04-06 06:58:37.948,11243.0,214.0,5,100.0,False,8,car,0 days 00:00:23.222000,0 days 01:10:45.377000,1628.961666666666,VER
2024-04-06 06:58:38.308,11397.0,224.0,5,100.0,False,8,car,0 days 00:00:23.582000,0 days 01:10:45.737000,1651.3616666666658,VER
2024-04-06 06:58:38.629,10382.0,230.0,5,100.0,False,8,car,0 days 00:00:23.903000,0 days 01:10:46.058000,1671.869999999999,VER
2024-04-06 06:58:38.789,10665.0,231.0,6,100.0,False,8,car,0 days 00:00:24.063000,0 days 01:10:46.218000,1682.1366666666656,VER
2024-04-06 06:58:39.149,10938.0,234.0,6,100.0,False,8,car,0 days 00:00:24.423000,0 days 01:10:46.578000,1705.5366666666655,VER
2024-04-06 06:58:39.309,10779.0,236.0,6,100.0,False,8,car,0 days 00:00:24.583000,0 days 01:10:46.738000,1716.0255555555543,VER
2024-04-06 06:58:39.549,10939.0,238.0,6,100.0,False,8,car,0 days 00:00:24.823000,0 days 01:10:46.978000,1731.892222222221,VER
2024-04-06 06:58:39.749,11010.0,241.0,6,100.0,False,8,car,0 days 00:00:25.023000,0 days 01:10:47.178000,1745.28111111111,VER
2024-04-06 06:58:40.108,11058.0,242.0,6,100.0,False,8,car,0 days 00:00:25.382000,0 days 01:10:47.537000,1769.413888888888,VER
2024-04-06 06:58:40.268,11179.0,245.0,6,100.0,False,8,car,0 days 00:00:25.542000,0 days 01:10:47.697000,1780.3027777777768,VER
2024-04-06 06:58:40.588,11218.0,247.0,6,100.0,False,8,car,0 days 00:00:25.862000,0 days 01:10:48.017000,1802.258333333332,VER
2024-04-06 06:58:40.748,11260.0,249.0,6,100.0,False,8,car,0 days 00:00:26.022000,0 days 01:10:48.177000,1813.324999999999,VER
2024-04-06 06:58:40.908,11288.0,250.0,6,100.0,False,8,car,0 days 00:00:26.182000,0 days 01:10:48.337000,1824.4361111111095,VER
2024-04-06 06:58:41.108,11397.0,252.0,6,100.0,False,8,car,0 days 00:00:26.382000,0 days 01:10:48.537000,1838.43611111111,VER
2024-04-06 06:58:41.308,11391.0,254.0,6,100.0,False,8,car,0 days 00:00:26.582000,0 days 01:10:48.737000,1852.547222222221,VER
2024-04-06 06:58:41.548,11582.0,257.0,6,100.0,False,8,car,0 days 00:00:26.822000,0 days 01:10:48.977000,1869.6805555555543,VER
2024-04-06 06:58:41.748,11371.0,260.0,6,100.0,False,8,car,0 days 00:00:27.022000,0 days 01:10:49.177000,1884.1249999999984,VER
2024-04-06 06:58:41.948,10525.0,261.0,6,100.0,False,8,car,0 days 00:00:27.222000,0 days 01:10:49.377000,1898.6249999999989,VER
2024-04-06 06:58:42.148,10584.0,264.0,7,100.0,False,8,car,0 days 00:00:27.422000,0 days 01:10:49.577000,1913.2916666666652,VER
2024-04-06 06:58:42.308,10582.0,265.0,7,100.0,False,8,car,0 days 00:00:27.582000,0 days 01:10:49.737000,1925.0694444444432,VER
2024-04-06 06:58:42.468,10678.0,267.0,7,100.0,False,8,car,0 days 00:00:27.742000,0 days 01:10:49.897000,1936.93611111111,VER
2024-04-06 06:58:42.868,10847.0,271.0,7,100.0,False,8,car,0 days 00:00:28.142000,0 days 01:10:50.297000,1967.047222222221,VER
2024-04-06 06:58:43.068,10820.0,273.0,7,100.0,False,8,car,0 days 00:00:28.342000,0 days 01:10:50.497000,1982.213888888888,VER
2024-04-06 06:58:43.348,10902.0,275.0,7,100.0,False,8,car,0 days 00:00:28.622000,0 days 01:10:50.777000,2003.6027777777765,VER
2024-04-06 06:58:43.668,11037.0,277.0,7,100.0,False,8,car,0 days 00:00:28.942000,0 days 01:10:51.097000,2028.2249999999988,VER
2024-04-06 06:58:44.028,11082.0,280.0,7,100.0,False,8,car,0 days 00:00:29.302000,0 days 01:10:51.457000,2056.2249999999985,VER
2024-04-06 06:58:44.228,11186.0,282.0,7,100.0,False,8,car,0 days 00:00:29.502000,0 days 01:10:51.657000,2071.891666666665,VER
2024-04-06 06:58:44.388,11157.0,282.0,7,100.0,False,8,car,0 days 00:00:29.662000,0 days 01:10:51.817000,2084.4249999999984,VER
2024-04-06 06:58:44.628,11218.0,284.0,7,100.0,False,8,car,0 days 00:00:29.902000,0 days 01:10:52.057000,2103.358333333332,VER
2024-04-06 06:58:44.828,11259.0,285.0,7,100.0,False,8,car,0 days 00:00:30.102000,0 days 01:10:52.257000,2119.191666666665,VER
2024-04-06 06:58:45.109,11341.0,286.0,7,100.0,False,8,car,0 days 00:00:30.383000,0 days 01:10:52.538000,2141.515555555554,VER
2024-04-06 06:58:45.309,11411.0,287.0,7,100.0,False,8,car,0 days 00:00:30.583000,0 days 01:10:52.738000,2157.459999999998,VER
2024-04-06 06:58:45.669,11414.0,290.0,7,100.0,False,8,car,0 days 00:00:30.943000,0 days 01:10:53.098000,2186.4599999999987,VER
2024-04-06 06:58:45.909,11444.0,290.0,7,100.0,False,8,car,0 days 00:00:31.183000,0 days 01:10:53.338000,2205.793333333332,VER
2024-04-06 06:58:46.069,11557.0,292.0,7,100.0,False,8,car,0 days 00:00:31.343000,0 days 01:10:53.498000,2218.7711111111093,VER
2024-04-06 06:58:46.269,11021.0,290.0,7,0.0,True,8,car,0 days 00:00:31.543000,0 days 01:10:53.698000,2234.88222222222,VER
2024-04-06 06:58:46.508,11051.0,281.0,7,0.0,True,8,car,0 days 00:00:31.782000,0 days 01:10:53.937000,2253.537499999998,VER
2024-04-06 06:58:46.748,10707.0,272.0,7,44.0,False,8,car,0 days 00:00:32.022000,0 days 01:10:54.177000,2271.6708333333318,VER
2024-04-06 06:58:47.028,10671.0,267.0,7,100.0,False,8,car,0 days 00:00:32.302000,0 days 01:10:54.457000,2292.437499999998,VER
2024-04-06 06:58:47.228,10727.0,268.0,7,100.0,False,8,car,0 days 00:00:32.502000,0 days 01:10:54.657000,2307.326388888888,VER
2024-04-06 06:58:47.428,10776.0,269.0,7,100.0,False,8,car,0 days 00:00:32.702000,0 days 01:10:54.857000,2322.270833333332,VER
2024-04-06 06:58:47.628,10354.0,266.0,7,47.0,True,8,car,0 days 00:00:32.902000,0 days 01:10:55.057000,2337.048611111109,VER
2024-04-06 06:58:47.948,9858.0,230.0,7,0.0,True,8,car,0 days 00:00:33.222000,0 days 01:10:55.377000,2357.493055555554,VER
2024-04-06 06:58:48.188,9344.0,206.0,7,0.0,True,8,car,0 days 00:00:33.462000,0 days 01:10:55.617000,2371.2263888888874,VER
2024-04-06 06:58:48.348,9484.0,196.0,6,0.0,True,8,car,0 days 00:00:33.622000,0 days 01:10:55.777000,2379.937499999998,VER
2024-04-06 06:58:48.588,9847.0,172.0,5,0.0,True,8,car,0 days 00:00:33.862000,0 days 01:10:56.017000,2391.404166666665,VER
2024-04-06 06:58:48.748,9567.0,157.0,4,0.0,True,8,car,0 days 00:00:34.022000,0 days 01:10:56.177000,2398.3819444444425,VER
2024-04-06 06:58:49.028,8596.0,147.0,4,0.0,True,8,car,0 days 00:00:34.302000,0 days 01:10:56.457000,2409.815277777776,VER
2024-04-06 06:58:49.308,8350.0,143.0,4,6.0,False,8,car,0 days 00:00:34.582000,0 days 01:10:56.737000,2420.937499999998,VER
2024-04-06 06:58:49.508,8305.0,139.0,4,22.0,False,8,car,0 days 00:00:34.782000,0 days 01:10:56.937000,2428.6597222222204,VER
2024-04-06 06:58:49.828,8860.0,143.0,4,62.0,False,8,car,0 days 00:00:35.102000,0 days 01:10:57.257000,2441.370833333332,VER
2024-04-06 06:58:50.108,9433.0,148.0,4,71.0,False,8,car,0 days 00:00:35.382000,0 days 01:10:57.537000,2452.8819444444425,VER
2024-04-06 06:58:50.468,10353.0,163.0,4,100.0,False,8,car,0 days 00:00:35.742000,0 days 01:10:57.897000,2469.1819444444427,VER
2024-04-06 06:58:50.628,10670.0,172.0,4,100.0,False,8,car,0 days 00:00:35.902000,0 days 01:10:58.057000,2476.826388888888,VER
2024-04-06 06:58:50.828,11178.0,180.0,4,100.0,False,8,car,0 days 00:00:36.102000,0 days 01:10:58.257000,2486.826388888888,VER
2024-04-06 06:58:50.988,11341.0,184.0,4,100.0,False,8,car,0 days 00:00:36.262000,0 days 01:10:58.417000,2495.004166666665,VER
2024-04-06 06:58:51.228,11871.0,195.0,4,100.0,False,8,car,0 days 00:00:36.502000,0 days 01:10:58.657000,2508.004166666665,VER
2024-04-06 06:58:51.468,11898.0,201.0,4,100.0,False,8,car,0 days 00:00:36.742000,0 days 01:10:58.897000,2521.404166666665,VER
2024-04-06 06:58:51.669,10701.0,208.0,4,100.0,False,8,car,0 days 00:00:36.943000,0 days 01:10:59.098000,2533.017499999998,VER
2024-04-06 06:58:52.029,11224.0,220.0,5,100.0,False,8,car,0 days 00:00:37.303000,0 days 01:10:59.458000,2555.017499999998,VER
2024-04-06 06:58:52.269,11629.0,225.0,5,100.0,False,8,car,0 days 00:00:37.543000,0 days 01:10:59.698000,2570.017499999998,VER
2024-04-06 06:58:52.589,11830.0,232.0,5,100.0,False,8,car,0 days 00:00:37.863000,0 days 01:11:00.018000,2590.6397222222204,VER
2024-04-06 06:58:52.749,11690.0,237.0,5,100.0,False,8,car,0 days 00:00:38.023000,0 days 01:11:00.178000,2601.173055555554,VER
2024-04-06 06:58:52.949,10886.0,241.0,6,100.0,False,8,car,0 days 00:00:38.223000,0 days 01:11:00.378000,2614.561944444443,VER
2024-04-06 06:58:53.268,11115.0,245.0,6,100.0,False,8,car,0 days 00:00:38.542000,0 days 01:11:00.697000,2636.271666666665,VER
2024-04-06 06:58:53.428,11163.0,250.0,6,100.0,False,8,car,0 days 00:00:38.702000,0 days 01:11:00.857000,2647.382777777776,VER
2024-04-06 06:58:53.708,11317.0,254.0,6,100.0,False,8,car,0 days 00:00:38.982000,0 days 01:11:01.137000,2667.1383333333315,VER
2024-04-06 06:58:54.188,11657.0,262.0,6,100.0,False,8,car,0 days 00:00:39.462000,0 days 01:11:01.617000,2702.071666666665,VER
2024-04-06 06:58:54.388,11828.0,263.0,6,100.0,False,8,car,0 days 00:00:39.662000,0 days 01:11:01.817000,2716.682777777776,VER
2024-04-06 06:58:54.668,11815.0,264.0,6,100.0,False,8,car,0 days 00:00:39.942000,0 days 01:11:02.097000,2737.216111111109,VER
2024-04-06 06:58:54.988,11916.0,266.0,6,100.0,False,8,car,0 days 00:00:40.262000,0 days 01:11:02.417000,2760.8605555555537,VER
2024-04-06 06:58:55.348,11476.0,248.0,6,0.0,True,8,car,0 days 00:00:40.622000,0 days 01:11:02.777000,2785.660555555554,VER
2024-04-06 06:58:55.668,10284.0,211.0,6,0.0,True,8,car,0 days 00:00:40.942000,0 days 01:11:03.097000,2804.4161111111093,VER
2024-04-06 06:58:55.948,10379.0,189.0,6,0.0,True,8,car,0 days 00:00:41.222000,0 days 01:11:03.377000,2819.1161111111096,VER
2024-04-06 06:58:56.148,9934.0,157.0,5,0.0,True,8,car,0 days 00:00:41.422000,0 days 01:11:03.577000,2827.838333333332,VER
2024-04-06 06:58:56.308,10355.0,157.0,4,0.0,True,8,car,0 days 00:00:41.582000,0 days 01:11:03.737000,2834.81611111111,VER
2024-04-06 06:58:56.548,9016.0,129.0,3,0.0,True,8,car,0 days 00:00:41.822000,0 days 01:11:03.977000,2843.41611111111,VER
2024-04-06 06:58:56.708,8537.0,123.0,3,0.0,True,8,car,0 days 00:00:41.982000,0 days 01:11:04.137000,2848.8827777777765,VER
2024-04-06 06:58:57.068,7161.0,104.0,3,0.0,True,8,car,0 days 00:00:42.342000,0 days 01:11:04.497000,2859.2827777777766,VER
2024-04-06 06:58:57.468,6384.0,91.0,3,0.0,True,8,car,0 days 00:00:42.742000,0 days 01:11:04.897000,2869.3938888888874,VER
2024-04-06 06:58:57.868,5522.0,81.0,3,0.0,False,8,car,0 days 00:00:43.142000,0 days 01:11:05.297000,2878.3938888888874,VER
2024-04-06 06:58:58.028,5334.0,78.0,3,0.0,False,8,car,0 days 00:00:43.302000,0 days 01:11:05.457000,2881.860555555554,VER
2024-04-06 06:58:58.189,5754.0,77.0,3,14.0,False,8,car,0 days 00:00:43.463000,0 days 01:11:05.618000,2885.3041666666654,VER
2024-04-06 06:58:58.389,5746.0,74.0,3,17.0,False,8,car,0 days 00:00:43.663000,0 days 01:11:05.818000,2889.4152777777763,VER
2024-04-06 06:58:58.669,5942.0,78.0,3,26.0,False,8,car,0 days 00:00:43.943000,0 days 01:11:06.098000,2895.481944444443,VER
2024-04-06 06:58:58.989,6316.0,81.0,3,32.0,False,8,car,0 days 00:00:44.263000,0 days 01:11:06.418000,2902.6819444444427,VER
2024-04-06 06:58:59.149,6477.0,85.0,3,40.0,False,8,car,0 days 00:00:44.423000,0 days 01:11:06.578000,2906.4597222222205,VER
2024-04-06 06:58:59.469,7101.0,92.0,3,51.0,False,8,car,0 days 00:00:44.743000,0 days 01:11:06.898000,2914.6374999999985,VER
2024-04-06 06:58:59.669,7610.0,97.0,3,59.0,False,8,car,0 days 00:00:44.943000,0 days 01:11:07.098000,2920.026388888887,VER
2024-04-06 06:58:59.869,8152.0,100.0,3,65.0,False,8,car,0 days 00:00:45.143000,0 days 01:11:07.298000,2925.581944444443,VER
2024-04-06 06:59:00.108,9422.0,111.0,3,75.0,False,8,car,0 days 00:00:45.382000,0 days 01:11:07.537000,2932.951111111109,VER
2024-04-06 06:59:00.388,9864.0,122.0,3,94.0,False,8,car,0 days 00:00:45.662000,0 days 01:11:07.817000,2942.4399999999982,VER
2024-04-06 06:59:00.548,10634.0,133.0,3,100.0,False,8,car,0 days 00:00:45.822000,0 days 01:11:07.977000,2948.3511111111093,VER
2024-04-06 06:59:00.828,11052.0,146.0,3,100.0,False,8,car,0 days 00:00:46.102000,0 days 01:11:08.257000,2959.7066666666647,VER
2024-04-06 06:59:00.988,11837.0,156.0,3,100.0,False,8,car,0 days 00:00:46.262000,0 days 01:11:08.417000,2966.639999999998,VER
2024-04-06 06:59:01.228,10437.0,170.0,3,100.0,False,8,car,0 days 00:00:46.502000,0 days 01:11:08.657000,2977.9733333333315,VER
2024-04-06 06:59:01.388,10929.0,174.0,4,100.0,False,8,car,0 days 00:00:46.662000,0 days 01:11:08.817000,2985.7066666666647,VER
2024-04-06 06:59:01.588,11096.0,179.0,4,100.0,False,8,car,0 days 00:00:46.862000,0 days 01:11:09.017000,2995.651111111109,VER
2024-04-06 06:59:02.068,11906.0,198.0,4,100.0,False,8,car,0 days 00:00:47.342000,0 days 01:11:09.497000,3022.051111111109,VER
2024-04-06 06:59:02.308,10822.0,205.0,5,100.0,False,8,car,0 days 00:00:47.582000,0 days 01:11:09.737000,3035.717777777776,VER
2024-04-06 06:59:02.668,11363.0,220.0,5,100.0,False,8,car,0 days 00:00:47.942000,0 days 01:11:10.097000,3057.717777777776,VER
2024-04-06 06:59:02.908,11621.0,223.0,5,100.0,False,8,car,0 days 00:00:48.182000,0 days 01:11:10.337000,3072.584444444443,VER
2024-04-06 06:59:03.348,10686.0,236.0,6,100.0,False,8,car,0 days 00:00:48.622000,0 days 01:11:10.777000,3101.4288888888877,VER
2024-04-06 06:59:03.508,10686.0,236.0,6,100.0,False,8,car,0 days 00:00:48.782000,0 days 01:11:10.937000,3111.917777777776,VER
2024-04-06 06:59:03.708,10956.0,240.0,6,100.0,False,8,car,0 days 00:00:48.982000,0 days 01:11:11.137000,3125.2511111111094,VER
2024-04-06 06:59:03.868,11127.0,245.0,6,100.0,False,8,car,0 days 00:00:49.142000,0 days 01:11:11.297000,3136.1399999999985,VER
2024-04-06 06:59:04.028,11127.0,247.0,6,100.0,False,8,car,0 days 00:00:49.302000,0 days 01:11:11.457000,3147.117777777776,VER
2024-04-06 06:59:04.268,11234.0,248.0,6,100.0,False,8,car,0 days 00:00:49.542000,0 days 01:11:11.697000,3163.651111111109,VER
2024-04-06 06:59:04.588,11409.0,255.0,6,100.0,False,8,car,0 days 00:00:49.862000,0 days 01:11:12.017000,3186.317777777776,VER
2024-04-06 06:59:04.829,11528.0,259.0,6,100.0,False,8,car,0 days 00:00:50.103000,0 days 01:11:12.258000,3203.6563888888872,VER
2024-04-06 06:59:05.029,11692.0,259.0,6,100.0,False,8,car,0 days 00:00:50.303000,0 days 01:11:12.458000,3218.045277777776,VER
2024-04-06 06:59:05.309,10572.0,262.0,6,100.0,False,8,car,0 days 00:00:50.583000,0 days 01:11:12.738000,3238.4230555555537,VER
2024-04-06 06:59:05.589,10683.0,267.0,7,100.0,False,8,car,0 days 00:00:50.863000,0 days 01:11:13.018000,3259.189722222221,VER
2024-04-06 06:59:05.829,10780.0,271.0,7,100.0,False,8,car,0 days 00:00:51.103000,0 days 01:11:13.258000,3277.256388888887,VER
2024-04-06 06:59:05.989,10810.0,273.0,7,100.0,False,8,car,0 days 00:00:51.263000,0 days 01:11:13.418000,3289.3897222222204,VER
2024-04-06 06:59:06.229,10931.0,276.0,7,100.0,False,8,car,0 days 00:00:51.503000,0 days 01:11:13.658000,3307.7897222222205,VER
2024-04-06 06:59:06.469,11098.0,278.0,7,100.0,False,8,car,0 days 00:00:51.743000,0 days 01:11:13.898000,3326.3230555555538,VER
2024-04-06 06:59:06.828,11142.0,281.0,7,100.0,False,8,car,0 days 00:00:52.102000,0 days 01:11:14.257000,3354.344999999998,VER
2024-04-06 06:59:07.228,11263.0,284.0,7,100.0,False,8,car,0 days 00:00:52.502000,0 days 01:11:14.657000,3385.900555555554,VER
2024-04-06 06:59:07.428,11326.0,286.0,7,100.0,False,8,car,0 days 00:00:52.702000,0 days 01:11:14.857000,3401.789444444443,VER
2024-04-06 06:59:07.788,11413.0,287.0,7,100.0,False,8,car,0 days 00:00:53.062000,0 days 01:11:15.217000,3430.4894444444426,VER
2024-04-06 06:59:08.028,11421.0,289.0,7,100.0,False,8,car,0 days 00:00:53.302000,0 days 01:11:15.457000,3449.756111111109,VER
2024-04-06 06:59:08.308,11439.0,290.0,7,100.0,False,8,car,0 days 00:00:53.582000,0 days 01:11:15.737000,3472.311666666665,VER
2024-04-06 06:59:08.628,11465.0,290.0,7,100.0,False,8,car,0 days 00:00:53.902000,0 days 01:11:16.057000,3498.089444444443,VER
2024-04-06 06:59:08.908,11486.0,291.0,7,100.0,False,8,car,0 days 00:00:54.182000,0 days 01:11:16.337000,3520.722777777776,VER
2024-04-06 06:59:09.228,11610.0,293.0,7,100.0,False,8,car,0 days 00:00:54.502000,0 days 01:11:16.657000,3546.7672222222204,VER
2024-04-06 06:59:09.508,11539.0,292.0,7,100.0,False,8,car,0 days 00:00:54.782000,0 days 01:11:16.937000,3569.478333333331,VER
2024-04-06 06:59:09.708,11646.0,293.0,7,100.0,False,8,car,0 days 00:00:54.982000,0 days 01:11:17.137000,3585.756111111109,VER
2024-04-06 06:59:09.948,11641.0,294.0,7,100.0,False,8,car,0 days 00:00:55.222000,0 days 01:11:17.377000,3605.356111111109,VER
2024-04-06 06:59:10.308,11665.0,294.0,7,100.0,False,8,car,0 days 00:00:55.582000,0 days 01:11:17.737000,3634.7561111111095,VER
2024-04-06 06:59:10.588,11674.0,295.0,7,100.0,False,8,car,0 days 00:00:55.862000,0 days 01:11:18.017000,3657.700555555554,VER
2024-04-06 06:59:10.828,11632.0,296.0,7,100.0,False,8,car,0 days 00:00:56.102000,0 days 01:11:18.257000,3677.433888888887,VER
2024-04-06 06:59:11.228,11310.0,291.0,7,100.0,True,8,car,0 days 00:00:56.502000,0 days 01:11:18.657000,3709.767222222221,VER
2024-04-06 06:59:11.549,10490.0,269.0,7,0.0,True,8,car,0 days 00:00:56.823000,0 days 01:11:18.978000,3733.753055555554,VER
2024-04-06 06:59:11.749,9947.0,262.0,7,0.0,True,8,car,0 days 00:00:57.023000,0 days 01:11:19.178000,3748.3086111111097,VER
2024-04-06 06:59:11.909,10465.0,252.0,7,0.0,True,8,car,0 days 00:00:57.183000,0 days 01:11:19.338000,3759.5086111111095,VER
2024-04-06 06:59:12.309,10479.0,237.0,6,29.0,False,8,car,0 days 00:00:57.583000,0 days 01:11:19.738000,3785.8419444444426,VER
2024-04-06 06:59:12.509,10489.0,234.0,6,65.0,False,8,car,0 days 00:00:57.783000,0 days 01:11:19.938000,3798.8419444444426,VER
2024-04-06 06:59:12.749,10505.0,232.0,6,83.0,False,8,car,0 days 00:00:58.023000,0 days 01:11:20.178000,3814.308611111109,VER
2024-04-06 06:59:13.069,10689.0,235.0,6,97.0,False,8,car,0 days 00:00:58.343000,0 days 01:11:20.498000,3835.197499999998,VER
2024-04-06 06:59:13.269,10224.0,233.0,6,0.0,True,8,car,0 days 00:00:58.543000,0 days 01:11:20.698000,3848.1419444444414,VER
2024-04-06 06:59:13.548,9730.0,217.0,6,0.0,True,8,car,0 days 00:00:58.822000,0 days 01:11:20.977000,3864.9594444444415,VER
2024-04-06 06:59:13.788,10190.0,207.0,6,0.0,True,8,car,0 days 00:00:59.062000,0 days 01:11:21.217000,3878.759444444442,VER
2024-04-06 06:59:13.988,9825.0,202.0,5,0.0,True,8,car,0 days 00:00:59.262000,0 days 01:11:21.417000,3889.981666666664,VER
2024-04-06 06:59:14.268,9249.0,191.0,5,0.0,True,8,car,0 days 00:00:59.542000,0 days 01:11:21.697000,3904.83722222222,VER
2024-04-06 06:59:14.548,9034.0,179.0,5,0.0,False,8,car,0 days 00:00:59.822000,0 days 01:11:21.977000,3918.7594444444426,VER
2024-04-06 06:59:14.988,8918.0,172.0,5,30.0,False,8,car,0 days 00:01:00.262000,0 days 01:11:22.417000,3939.781666666665,VER
2024-04-06 06:59:15.348,9313.0,168.0,5,79.0,False,8,car,0 days 00:01:00.622000,0 days 01:11:22.777000,3956.5816666666647,VER
2024-04-06 06:59:15.828,9680.0,183.0,5,91.0,False,8,car,0 days 00:01:01.102000,0 days 01:11:23.257000,3980.981666666664,VER
2024-04-06 06:59:16.068,10263.0,189.0,5,94.0,False,8,car,0 days 00:01:01.342000,0 days 01:11:23.497000,3993.581666666664,VER
2024-04-06 06:59:16.268,10613.0,197.0,5,100.0,False,8,car,0 days 00:01:01.542000,0 days 01:11:23.697000,4004.526111111109,VER
2024-04-06 06:59:16.668,10976.0,209.0,5,100.0,False,8,car,0 days 00:01:01.942000,0 days 01:11:24.097000,4027.748333333331,VER
2024-04-06 06:59:17.028,11286.0,217.0,5,100.0,False,8,car,0 days 00:01:02.302000,0 days 01:11:24.457000,4049.448333333331,VER
2024-04-06 06:59:17.188,11736.0,222.0,5,100.0,False,8,car,0 days 00:01:02.462000,0 days 01:11:24.617000,4059.314999999998,VER
2024-04-06 06:59:17.468,10756.0,228.0,6,100.0,False,8,car,0 days 00:01:02.742000,0 days 01:11:24.897000,4077.048333333331,VER
2024-04-06 06:59:17.708,10657.0,234.0,6,100.0,False,8,car,0 days 00:01:02.982000,0 days 01:11:25.137000,4092.648333333331,VER
2024-04-06 06:59:17.989,10911.0,242.0,6,100.0,False,8,car,0 days 00:01:03.263000,0 days 01:11:25.418000,4111.537777777775,VER
2024-04-06 06:59:18.229,11064.0,248.0,6,100.0,False,8,car,0 days 00:01:03.503000,0 days 01:11:25.658000,4128.071111111109,VER
2024-04-06 06:59:18.669,11409.0,254.0,6,100.0,False,8,car,0 days 00:01:03.943000,0 days 01:11:26.098000,4159.115555555553,VER
2024-04-06 06:59:18.829,11472.0,257.0,6,100.0,False,8,car,0 days 00:01:04.103000,0 days 01:11:26.258000,4170.537777777775,VER
2024-04-06 06:59:19.029,11663.0,260.0,6,100.0,False,8,car,0 days 00:01:04.303000,0 days 01:11:26.458000,4184.982222222219,VER
2024-04-06 06:59:19.309,10692.0,264.0,6,100.0,False,8,car,0 days 00:01:04.583000,0 days 01:11:26.738000,4205.515555555553,VER
2024-04-06 06:59:19.549,10629.0,266.0,7,100.0,False,8,car,0 days 00:01:04.823000,0 days 01:11:26.978000,4223.248888888886,VER
2024-04-06 06:59:19.709,10722.0,269.0,7,100.0,False,8,car,0 days 00:01:04.983000,0 days 01:11:27.138000,4235.204444444442,VER
2024-04-06 06:59:19.909,10758.0,271.0,7,100.0,False,8,car,0 days 00:01:05.183000,0 days 01:11:27.338000,4250.2599999999975,VER
2024-04-06 06:59:20.348,10967.0,276.0,7,100.0,False,8,car,0 days 00:01:05.622000,0 days 01:11:27.777000,4283.916666666663,VER
2024-04-06 06:59:20.508,11006.0,276.0,7,100.0,False,8,car,0 days 00:01:05.782000,0 days 01:11:27.937000,4296.18333333333,VER
2024-04-06 06:59:20.708,11054.0,278.0,7,100.0,False,8,car,0 days 00:01:05.982000,0 days 01:11:28.137000,4311.627777777774,VER
2024-04-06 06:59:20.988,11137.0,280.0,7,100.0,False,8,car,0 days 00:01:06.262000,0 days 01:11:28.417000,4333.405555555552,VER
2024-04-06 06:59:21.188,11222.0,282.0,7,100.0,False,8,car,0 days 00:01:06.462000,0 days 01:11:28.617000,4349.072222222219,VER
2024-04-06 06:59:21.348,11284.0,283.0,7,100.0,False,8,car,0 days 00:01:06.622000,0 days 01:11:28.777000,4361.649999999997,VER
2024-04-06 06:59:21.508,11278.0,284.0,7,100.0,False,8,car,0 days 00:01:06.782000,0 days 01:11:28.937000,4374.272222222219,VER
2024-04-06 06:59:21.788,11279.0,286.0,7,100.0,False,8,car,0 days 00:01:07.062000,0 days 01:11:29.217000,4396.516666666664,VER
2024-04-06 06:59:22.148,11424.0,288.0,7,100.0,False,8,car,0 days 00:01:07.422000,0 days 01:11:29.577000,4425.316666666664,VER
2024-04-06 06:59:22.428,11418.0,289.0,7,100.0,False,8,car,0 days 00:01:07.702000,0 days 01:11:29.857000,4447.794444444442,VER
2024-04-06 06:59:22.628,11419.0,290.0,7,100.0,False,8,car,0 days 00:01:07.902000,0 days 01:11:30.057000,4463.905555555553,VER
2024-04-06 06:59:22.868,11486.0,290.0,7,100.0,False,8,car,0 days 00:01:08.142000,0 days 01:11:30.297000,4483.238888888886,VER
2024-04-06 06:59:23.108,11541.0,292.0,7,100.0,False,8,car,0 days 00:01:08.382000,0 days 01:11:30.537000,4502.7055555555535,VER
2024-04-06 06:59:23.428,11540.0,293.0,7,100.0,False,8,car,0 days 00:01:08.702000,0 days 01:11:30.857000,4528.749999999997,VER
2024-04-06 06:59:23.588,10560.0,293.0,7,100.0,False,8,car,0 days 00:01:08.862000,0 days 01:11:31.017000,4541.772222222219,VER
2024-04-06 06:59:23.788,10512.0,293.0,8,100.0,False,8,car,0 days 00:01:09.062000,0 days 01:11:31.217000,4558.049999999997,VER
2024-04-06 06:59:23.948,10488.0,295.0,8,100.0,False,8,car,0 days 00:01:09.222000,0 days 01:11:31.377000,4571.161111111108,VER
2024-04-06 06:59:24.148,10524.0,295.0,8,100.0,False,8,car,0 days 00:01:09.422000,0 days 01:11:31.577000,4587.5499999999965,VER
2024-04-06 06:59:24.469,10570.0,296.0,8,100.0,False,8,car,0 days 00:01:09.743000,0 days 01:11:31.898000,4613.94333333333,VER
2024-04-06 06:59:24.869,10581.0,298.0,8,100.0,False,8,car,0 days 00:01:10.143000,0 days 01:11:32.298000,4647.054444444441,VER
2024-04-06 06:59:25.029,10606.0,298.0,8,100.0,False,8,car,0 days 00:01:10.303000,0 days 01:11:32.458000,4660.298888888886,VER
2024-04-06 06:59:25.269,10678.0,299.0,8,100.0,False,8,car,0 days 00:01:10.543000,0 days 01:11:32.698000,4680.23222222222,VER
2024-04-06 06:59:25.509,10635.0,299.0,8,100.0,False,8,car,0 days 00:01:10.783000,0 days 01:11:32.938000,4700.165555555553,VER
2024-04-06 06:59:25.829,10768.0,301.0,8,100.0,False,8,car,0 days 00:01:11.103000,0 days 01:11:33.258000,4726.921111111107,VER
2024-04-06 06:59:26.029,10733.0,301.0,8,100.0,False,8,car,0 days 00:01:11.303000,0 days 01:11:33.458000,4743.64333333333,VER
2024-04-06 06:59:26.269,10737.0,302.0,8,100.0,False,8,car,0 days 00:01:11.543000,0 days 01:11:33.698000,4763.776666666664,VER
2024-04-06 06:59:26.429,10768.0,302.0,8,100.0,False,8,car,0 days 00:01:11.703000,0 days 01:11:33.858000,4777.198888888885,VER
2024-04-06 06:59:26.629,10736.0,303.0,8,100.0,False,8,car,0 days 00:01:11.903000,0 days 01:11:34.058000,4794.032222222219,VER
2024-04-06 06:59:26.828,10787.0,303.0,8,100.0,False,8,car,0 days 00:01:12.102000,0 days 01:11:34.257000,4810.781388888886,VER
2024-04-06 06:59:27.068,10785.0,304.0,8,100.0,False,8,car,0 days 00:01:12.342000,0 days 01:11:34.497000,4831.048055555552,VER
2024-04-06 06:59:27.348,10841.0,303.0,8,100.0,False,8,car,0 days 00:01:12.622000,0 days 01:11:34.777000,4854.614722222219,VER
2024-04-06 06:59:27.788,10846.0,304.0,8,100.0,False,8,car,0 days 00:01:13.062000,0 days 01:11:35.217000,4891.770277777774,VER
2024-04-06 06:59:28.028,10787.0,302.0,8,100.0,False,8,car,0 days 00:01:13.302000,0 days 01:11:35.457000,4911.903611111108,VER
2024-04-06 06:59:28.428,10712.0,300.0,8,100.0,False,8,car,0 days 00:01:13.702000,0 days 01:11:35.857000,4945.236944444441,VER
2024-04-06 06:59:28.628,10687.0,300.0,8,100.0,False,8,car,0 days 00:01:13.902000,0 days 01:11:36.057000,4961.903611111108,VER
2024-04-06 06:59:28.868,10650.0,299.0,8,100.0,False,8,car,0 days 00:01:14.142000,0 days 01:11:36.297000,4981.836944444441,VER
2024-04-06 06:59:29.188,10666.0,298.0,8,100.0,False,8,car,0 days 00:01:14.462000,0 days 01:11:36.617000,5008.32583333333,VER
2024-04-06 06:59:29.348,10627.0,297.0,8,100.0,False,8,car,0 days 00:01:14.622000,0 days 01:11:36.777000,5021.5258333333295,VER
2024-04-06 06:59:29.628,10652.0,297.0,8,100.0,False,8,car,0 days 00:01:14.902000,0 days 01:11:37.057000,5044.62583333333,VER
2024-04-06 06:59:29.868,10574.0,297.0,8,100.0,False,8,car,0 days 00:01:15.142000,0 days 01:11:37.297000,5064.425833333329,VER
2024-04-06 06:59:30.148,10571.0,297.0,8,100.0,False,8,car,0 days 00:01:15.422000,0 days 01:11:37.577000,5087.5258333333295,VER
2024-04-06 06:59:30.308,10521.0,297.0,8,100.0,False,8,car,0 days 00:01:15.582000,0 days 01:11:37.737000,5100.725833333329,VER
2024-04-06 06:59:30.548,10556.0,297.0,8,100.0,False,8,car,0 days 00:01:15.822000,0 days 01:11:37.977000,5120.52583333333,VER
2024-04-06 06:59:30.868,10589.0,298.0,8,100.0,False,8,car,0 days 00:01:16.142000,0 days 01:11:38.297000,5147.014722222219,VER
2024-04-06 06:59:31.028,10602.0,298.0,8,100.0,False,8,car,0 days 00:01:16.302000,0 days 01:11:38.457000,5160.259166666664,VER
2024-04-06 06:59:31.189,10599.0,298.0,8,100.0,False,8,car,0 days 00:01:16.463000,0 days 01:11:38.618000,5173.586388888885,VER
2024-04-06 06:59:31.469,10600.0,299.0,8,100.0,False,8,car,0 days 00:01:16.743000,0 days 01:11:38.898000,5196.841944444441,VER
2024-04-06 06:59:31.789,10685.0,299.0,8,100.0,False,8,car,0 days 00:01:17.063000,0 days 01:11:39.218000,5223.419722222219,VER
2024-04-06 06:59:31.989,10686.0,300.0,8,100.0,False,8,car,0 days 00:01:17.263000,0 days 01:11:39.418000,5240.086388888886,VER
2024-04-06 06:59:32.349,9564.0,269.0,8,0.0,True,8,car,0 days 00:01:17.623000,0 days 01:11:39.778000,5266.986388888886,VER
2024-04-06 06:59:32.669,9416.0,237.0,8,0.0,True,8,car,0 days 00:01:17.943000,0 days 01:11:40.098000,5288.053055555552,VER
2024-04-06 06:59:32.989,9373.0,172.0,8,0.0,True,8,car,0 days 00:01:18.263000,0 days 01:11:40.418000,5303.341944444442,VER
2024-04-06 06:59:33.349,9851.0,145.0,5,0.0,True,8,car,0 days 00:01:18.623000,0 days 01:11:40.778000,5317.841944444442,VER
2024-04-06 06:59:33.588,8481.0,131.0,3,0.0,True,8,car,0 days 00:01:18.862000,0 days 01:11:41.017000,5326.538888888886,VER
2024-04-06 06:59:33.788,7950.0,125.0,3,0.0,True,8,car,0 days 00:01:19.062000,0 days 01:11:41.217000,5333.48333333333,VER
2024-04-06 06:59:33.988,7299.0,115.0,3,0.0,True,8,car,0 days 00:01:19.262000,0 days 01:11:41.417000,5339.872222222219,VER
2024-04-06 06:59:34.188,6911.0,100.0,3,0.0,True,8,car,0 days 00:01:19.462000,0 days 01:11:41.617000,5345.427777777774,VER
2024-04-06 06:59:34.388,6713.0,98.0,3,0.0,False,8,car,0 days 00:01:19.662000,0 days 01:11:41.817000,5350.872222222219,VER
2024-04-06 06:59:34.628,6008.0,95.0,3,0.0,False,8,car,0 days 00:01:19.902000,0 days 01:11:42.057000,5357.205555555552,VER
2024-04-06 06:59:35.028,7319.0,89.0,3,26.0,False,8,car,0 days 00:01:20.302000,0 days 01:11:42.457000,5367.09444444444,VER
2024-04-06 06:59:35.348,7474.0,93.0,3,45.0,False,8,car,0 days 00:01:20.622000,0 days 01:11:42.777000,5375.361111111107,VER
2024-04-06 06:59:35.508,7827.0,96.0,3,58.0,False,8,car,0 days 00:01:20.782000,0 days 01:11:42.937000,5379.627777777773,VER
2024-04-06 06:59:35.748,7777.0,106.0,3,12.0,False,8,car,0 days 00:01:21.022000,0 days 01:11:43.177000,5386.69444444444,VER
2024-04-06 06:59:36.068,7351.0,104.0,3,0.0,False,8,car,0 days 00:01:21.342000,0 days 01:11:43.497000,5395.938888888884,VER
2024-04-06 06:59:36.308,7595.0,101.0,3,1.0,False,8,car,0 days 00:01:21.582000,0 days 01:11:43.737000,5402.672222222218,VER
2024-04-06 06:59:36.548,7748.0,99.0,3,35.0,False,8,car,0 days 00:01:21.822000,0 days 01:11:43.977000,5409.272222222218,VER
2024-04-06 06:59:36.828,8369.0,103.0,3,49.0,False,8,car,0 days 00:01:22.102000,0 days 01:11:44.257000,5417.283333333329,VER
2024-04-06 06:59:37.068,9278.0,106.0,3,62.0,False,8,car,0 days 00:01:22.342000,0 days 01:11:44.497000,5424.349999999996,VER
2024-04-06 06:59:37.228,8999.0,114.0,3,53.0,False,8,car,0 days 00:01:22.502000,0 days 01:11:44.657000,5429.416666666662,VER
2024-04-06 06:59:37.548,10156.0,124.0,3,84.0,False,8,car,0 days 00:01:22.822000,0 days 01:11:44.977000,5440.438888888885,VER
2024-04-06 06:59:37.789,11046.0,133.0,3,91.0,False,8,car,0 days 00:01:23.063000,0 days 01:11:45.218000,5449.342499999996,VER
2024-04-06 06:59:38.149,11579.0,153.0,3,100.0,False,8,car,0 days 00:01:23.423000,0 days 01:11:45.578000,5464.642499999996,VER
2024-04-06 06:59:38.389,10459.0,156.0,4,100.0,False,8,car,0 days 00:01:23.663000,0 days 01:11:45.818000,5475.042499999996,VER
2024-04-06 06:59:38.669,11288.0,176.0,4,100.0,False,8,car,0 days 00:01:23.943000,0 days 01:11:46.098000,5488.731388888885,VER
2024-04-06 06:59:38.949,11794.0,184.0,4,100.0,False,8,car,0 days 00:01:24.223000,0 days 01:11:46.378000,5503.042499999996,VER
2024-04-06 06:59:39.189,11585.0,193.0,4,100.0,False,8,car,0 days 00:01:24.463000,0 days 01:11:46.618000,5515.909166666663,VER
2024-04-06 06:59:39.589,10943.0,206.0,5,100.0,False,8,car,0 days 00:01:24.863000,0 days 01:11:47.018000,5538.798055555552,VER
2024-04-06 06:59:39.949,11328.0,217.0,5,100.0,False,8,car,0 days 00:01:25.223000,0 days 01:11:47.378000,5560.498055555552,VER
2024-04-06 06:59:40.189,11545.0,220.0,5,100.0,False,8,car,0 days 00:01:25.463000,0 days 01:11:47.618000,5575.164722222218,VER
2024-04-06 06:59:40.348,11788.0,226.0,5,100.0,False,8,car,0 days 00:01:25.622000,0 days 01:11:47.777000,5585.146388888886,VER
2024-04-06 06:59:40.628,10508.0,233.0,5,100.0,False,8,car,0 days 00:01:25.902000,0 days 01:11:48.057000,5603.268611111108,VER
2024-04-06 06:59:40.828,10698.0,237.0,6,100.0,False,8,car,0 days 00:01:26.102000,0 days 01:11:48.257000,5616.435277777775,VER
2024-04-06 06:59:41.268,11122.0,245.0,6,100.0,False,8,car,0 days 00:01:26.542000,0 days 01:11:48.697000,5646.379722222219,VER
2024-04-06 06:59:41.588,11402.0,249.0,6,100.0,False,14,car,0 days 00:01:26.862000,0 days 01:11:49.017000,5668.5130555555525,VER
2024-04-06 06:59:41.868,11646.0,257.0,6,100.0,False,12,car,0 days 00:01:27.142000,0 days 01:11:49.297000,5688.5019444444415,VER
2024-04-06 06:59:42.028,11729.0,262.0,6,100.0,False,12,car,0 days 00:01:27.302000,0 days 01:11:49.457000,5700.146388888887,VER
2024-04-06 06:59:42.468,10771.0,268.0,7,100.0,False,12,car,0 days 00:01:27.742000,0 days 01:11:49.897000,5732.901944444442,VER
2024-04-06 06:59:42.668,10878.0,270.0,7,100.0,False,12,car,0 days 00:01:27.942000,0 days 01:11:50.097000,5747.901944444441,VER
2024-04-06 06:55:15.468,11244.0,278.0,7,99.0,False,12,car,0 days 00:00:00.196000,0 days 01:07:22.897000,15.135555555555555,LEC
2024-04-06 06:55:15.828,11379.0,284.0,7,99.0,False,12,car,0 days 00:00:00.556000,0 days 01:07:23.257000,43.53555555555556,LEC
2024-04-06 06:55:16.148,11589.0,288.0,7,99.0,False,12,car,0 days 00:00:00.876000,0 days 01:07:23.577000,69.13555555555556,LEC
2024-04-06 06:55:16.428,11494.0,291.0,7,99.0,False,12,car,0 days 00:00:01.156000,0 days 01:07:23.857000,91.76888888888888,LEC
2024-04-06 06:55:16.708,10484.0,294.0,7,99.0,False,12,car,0 days 00:00:01.436000,0 days 01:07:24.137000,114.63555555555556,LEC
2024-04-06 06:55:17.068,10609.0,297.0,8,99.0,False,12,car,0 days 00:00:01.796000,0 days 01:07:24.497000,144.33555555555557,LEC
2024-04-06 06:55:17.228,10609.0,299.0,8,99.0,False,12,car,0 days 00:00:01.956000,0 days 01:07:24.657000,157.62444444444446,LEC
2024-04-06 06:55:17.588,10722.0,302.0,8,99.0,False,12,car,0 days 00:00:02.316000,0 days 01:07:25.017000,187.82444444444445,LEC
2024-04-06 06:55:17.828,10794.0,304.0,8,99.0,False,12,car,0 days 00:00:02.556000,0 days 01:07:25.257000,208.09111111111116,LEC
2024-04-06 06:55:18.267,10855.0,305.0,8,99.0,False,12,car,0 days 00:00:02.995000,0 days 01:07:25.696000,245.2841666666667,LEC
2024-04-06 06:55:18.667,10958.0,308.0,8,99.0,False,12,car,0 days 00:00:03.395000,0 days 01:07:26.096000,279.5063888888889,LEC
2024-04-06 06:55:18.947,10993.0,310.0,8,99.0,False,12,car,0 days 00:00:03.675000,0 days 01:07:26.376000,303.6175,LEC
2024-04-06 06:55:19.347,11066.0,310.0,8,99.0,False,12,car,0 days 00:00:04.075000,0 days 01:07:26.776000,338.06194444444446,LEC
2024-04-06 06:55:19.747,11125.0,313.0,8,99.0,False,12,car,0 days 00:00:04.475000,0 days 01:07:27.176000,372.8397222222222,LEC
2024-04-06 06:55:19.907,11125.0,313.0,8,99.0,False,12,car,0 days 00:00:04.635000,0 days 01:07:27.336000,386.7508333333333,LEC
2024-04-06 06:55:20.387,11208.0,315.0,8,99.0,False,12,car,0 days 00:00:05.115000,0 days 01:07:27.816000,428.7508333333333,LEC
2024-04-06 06:55:20.547,11212.0,315.0,8,99.0,False,12,car,0 days 00:00:05.275000,0 days 01:07:27.976000,442.7508333333333,LEC
2024-04-06 06:55:20.747,11216.0,315.0,8,99.0,False,12,car,0 days 00:00:05.475000,0 days 01:07:28.176000,460.2508333333333,LEC
2024-04-06 06:55:20.987,11216.0,317.0,8,99.0,False,12,car,0 days 00:00:05.715000,0 days 01:07:28.416000,481.3841666666666,LEC
2024-04-06 06:55:21.228,11233.0,317.0,8,99.0,False,12,car,0 days 00:00:05.956000,0 days 01:07:28.657000,502.6055555555556,LEC
2024-04-06 06:55:21.628,11302.0,318.0,8,99.0,False,12,car,0 days 00:00:06.356000,0 days 01:07:29.057000,537.9388888888889,LEC
2024-04-06 06:55:21.788,11283.0,318.0,8,99.0,False,12,car,0 days 00:00:06.516000,0 days 01:07:29.217000,552.0722222222222,LEC
2024-04-06 06:55:22.108,11322.0,319.0,8,99.0,False,12,car,0 days 00:00:06.836000,0 days 01:07:29.537000,580.4277777777778,LEC
2024-04-06 06:55:22.428,11324.0,319.0,8,99.0,False,14,car,0 days 00:00:07.156000,0 days 01:07:29.857000,608.7833333333333,LEC
2024-04-06 06:55:22.628,11276.0,319.0,8,99.0,False,10,car,0 days 00:00:07.356000,0 days 01:07:30.057000,626.5055555555556,LEC
2024-04-06 06:55:22.788,11219.0,316.0,8,99.0,False,8,car,0 days 00:00:07.516000,0 days 01:07:30.217000,640.5500000000001,LEC
2024-04-06 06:55:22.948,11061.0,315.0,8,99.0,False,8,car,0 days 00:00:07.676000,0 days 01:07:30.377000,654.5500000000001,LEC
2024-04-06 06:55:23.268,10954.0,309.0,8,99.0,False,8,car,0 days 00:00:07.996000,0 days 01:07:30.697000,682.0166666666668,LEC
2024-04-06 06:55:23.468,10727.0,305.0,8,81.0,True,8,car,0 days 00:00:08.196000,0 days 01:07:30.897000,698.9611111111111,LEC
2024-04-06 06:55:23.708,10048.0,283.0,8,7.0,True,8,car,0 days 00:00:08.436000,0 days 01:07:31.137000,717.8277777777778,LEC
2024-04-06 06:55:24.108,9801.0,239.0,8,5.0,True,8,car,0 days 00:00:08.836000,0 days 01:07:31.537000,744.3833333333333,LEC
2024-04-06 06:55:24.348,10952.0,222.0,6,7.0,True,8,car,0 days 00:00:09.076000,0 days 01:07:31.777000,759.1833333333334,LEC
2024-04-06 06:55:24.748,10244.0,201.0,5,9.0,True,8,car,0 days 00:00:09.476000,0 days 01:07:32.177000,781.5166666666668,LEC
2024-04-06 06:55:25.067,9763.0,187.0,5,9.0,True,8,car,0 days 00:00:09.795000,0 days 01:07:32.496000,798.0869444444445,LEC
2024-04-06 06:55:25.227,9511.0,183.0,5,35.0,True,8,car,0 days 00:00:09.955000,0 days 01:07:32.656000,806.2202777777778,LEC
2024-04-06 06:55:25.467,9566.0,179.0,5,60.0,False,8,car,0 days 00:00:10.195000,0 days 01:07:32.896000,818.1536111111112,LEC
2024-04-06 06:55:25.667,9684.0,179.0,5,62.0,False,8,car,0 days 00:00:10.395000,0 days 01:07:33.096000,828.0980555555557,LEC
2024-04-06 06:55:25.947,9814.0,180.0,5,72.0,False,8,car,0 days 00:00:10.675000,0 days 01:07:33.376000,842.0980555555557,LEC
2024-04-06 06:55:26.347,9774.0,182.0,5,72.0,False,8,car,0 days 00:00:11.075000,0 days 01:07:33.776000,862.3202777777778,LEC
2024-04-06 06:55:26.507,10050.0,185.0,5,72.0,False,8,car,0 days 00:00:11.235000,0 days 01:07:33.936000,870.5425,LEC
2024-04-06 06:55:26.707,10169.0,187.0,5,76.0,False,8,car,0 days 00:00:11.435000,0 days 01:07:34.136000,880.9313888888889,LEC
2024-04-06 06:55:26.987,10516.0,191.0,5,99.0,False,8,car,0 days 00:00:11.715000,0 days 01:07:34.416000,895.7869444444444,LEC
2024-04-06 06:55:27.147,10844.0,196.0,5,99.0,False,8,car,0 days 00:00:11.875000,0 days 01:07:34.576000,904.4980555555557,LEC
2024-04-06 06:55:27.427,11096.0,200.0,5,99.0,False,8,car,0 days 00:00:12.155000,0 days 01:07:34.856000,920.0536111111112,LEC
2024-04-06 06:55:27.627,11369.0,205.0,5,99.0,False,8,car,0 days 00:00:12.355000,0 days 01:07:35.056000,931.4425,LEC
2024-04-06 06:55:27.828,11622.0,215.0,5,99.0,False,8,car,0 days 00:00:12.556000,0 days 01:07:35.257000,943.4466666666666,LEC
2024-04-06 06:55:27.988,11622.0,217.0,5,99.0,False,8,car,0 days 00:00:12.716000,0 days 01:07:35.417000,953.0911111111112,LEC
2024-04-06 06:55:28.268,11582.0,217.0,5,99.0,False,8,car,0 days 00:00:12.996000,0 days 01:07:35.697000,969.968888888889,LEC
2024-04-06 06:55:28.548,10614.0,231.0,6,99.0,False,8,car,0 days 00:00:13.276000,0 days 01:07:35.977000,987.9355555555557,LEC
2024-04-06 06:55:28.868,10982.0,235.0,6,99.0,False,8,car,0 days 00:00:13.596000,0 days 01:07:36.297000,1008.8244444444445,LEC
2024-04-06 06:55:29.228,11341.0,245.0,6,99.0,False,8,car,0 days 00:00:13.956000,0 days 01:07:36.657000,1033.3244444444445,LEC
2024-04-06 06:55:29.468,11460.0,248.0,6,99.0,False,8,car,0 days 00:00:14.196000,0 days 01:07:36.897000,1049.8577777777778,LEC
2024-04-06 06:55:29.708,11591.0,250.0,6,99.0,False,8,car,0 days 00:00:14.436000,0 days 01:07:37.137000,1066.5244444444445,LEC
2024-04-06 06:55:29.868,11638.0,252.0,6,99.0,False,8,car,0 days 00:00:14.596000,0 days 01:07:37.297000,1077.7244444444443,LEC
2024-04-06 06:55:30.228,11889.0,255.0,6,99.0,False,8,car,0 days 00:00:14.956000,0 days 01:07:37.657000,1103.2244444444443,LEC
2024-04-06 06:55:30.388,11799.0,253.0,6,99.0,False,8,car,0 days 00:00:15.116000,0 days 01:07:37.817000,1114.468888888889,LEC
2024-04-06 06:55:30.708,11732.0,254.0,6,99.0,False,8,car,0 days 00:00:15.436000,0 days 01:07:38.137000,1137.0466666666669,LEC
2024-04-06 06:55:30.988,11798.0,257.0,6,90.0,True,8,car,0 days 00:00:15.716000,0 days 01:07:38.417000,1157.0355555555557,LEC
2024-04-06 06:55:31.268,11270.0,253.0,6,52.0,True,8,car,0 days 00:00:15.996000,0 days 01:07:38.697000,1176.7133333333336,LEC
2024-04-06 06:55:31.468,11066.0,246.0,6,51.0,True,8,car,0 days 00:00:16.196000,0 days 01:07:38.897000,1190.3800000000003,LEC
2024-04-06 06:55:31.667,10817.0,240.0,6,52.0,False,8,car,0 days 00:00:16.395000,0 days 01:07:39.096000,1203.646666666667,LEC
2024-04-06 06:55:31.867,10702.0,235.0,6,60.0,False,8,car,0 days 00:00:16.595000,0 days 01:07:39.296000,1216.7022222222224,LEC
2024-04-06 06:55:32.107,10695.0,229.0,6,72.0,False,8,car,0 days 00:00:16.835000,0 days 01:07:39.536000,1231.9688888888893,LEC
2024-04-06 06:55:32.427,10766.0,230.0,6,83.0,False,8,car,0 days 00:00:17.155000,0 days 01:07:39.856000,1252.413333333334,LEC
2024-04-06 06:55:32.587,10819.0,230.0,6,87.0,False,8,car,0 days 00:00:17.315000,0 days 01:07:40.016000,1262.635555555556,LEC
2024-04-06 06:55:32.907,10828.0,236.0,6,99.0,False,8,car,0 days 00:00:17.635000,0 days 01:07:40.336000,1283.613333333334,LEC
2024-04-06 06:55:33.107,10874.0,238.0,6,99.0,False,8,car,0 days 00:00:17.835000,0 days 01:07:40.536000,1296.835555555556,LEC
2024-04-06 06:55:33.467,10867.0,240.0,6,53.0,True,8,car,0 days 00:00:18.195000,0 days 01:07:40.896000,1320.835555555556,LEC
2024-04-06 06:55:33.867,10398.0,229.0,6,48.0,False,8,car,0 days 00:00:18.595000,0 days 01:07:41.296000,1346.2800000000004,LEC
2024-04-06 06:55:34.067,10161.0,224.0,6,55.0,False,8,car,0 days 00:00:18.795000,0 days 01:07:41.496000,1358.724444444445,LEC
2024-04-06 06:55:34.228,10081.0,220.0,6,56.0,False,8,car,0 days 00:00:18.956000,0 days 01:07:41.657000,1368.5633333333335,LEC
2024-04-06 06:55:34.468,10008.0,219.0,6,64.0,False,8,car,0 days 00:00:19.196000,0 days 01:07:41.897000,1383.163333333334,LEC
2024-04-06 06:55:34.868,10080.0,214.0,6,86.0,False,8,car,0 days 00:00:19.596000,0 days 01:07:42.297000,1406.9411111111117,LEC
2024-04-06 06:55:35.308,10298.0,224.0,6,99.0,False,8,car,0 days 00:00:20.036000,0 days 01:07:42.737000,1434.3188888888894,LEC
2024-04-06 06:55:35.468,10399.0,224.0,6,99.0,False,8,car,0 days 00:00:20.196000,0 days 01:07:42.897000,1444.274444444445,LEC
2024-04-06 06:55:35.708,10614.0,230.0,6,76.0,False,8,car,0 days 00:00:20.436000,0 days 01:07:43.137000,1459.6077777777782,LEC
2024-04-06 06:55:36.068,11104.0,221.0,6,29.0,True,8,car,0 days 00:00:20.796000,0 days 01:07:43.497000,1481.707777777778,LEC
2024-04-06 06:55:36.308,11182.0,211.0,5,47.0,False,8,car,0 days 00:00:21.036000,0 days 01:07:43.737000,1495.774444444445,LEC
2024-04-06 06:55:36.468,11132.0,207.0,5,57.0,False,8,car,0 days 00:00:21.196000,0 days 01:07:43.897000,1504.974444444445,LEC
2024-04-06 06:55:36.628,10709.0,204.0,5,43.0,False,8,car,0 days 00:00:21.356000,0 days 01:07:44.057000,1514.0411111111116,LEC
2024-04-06 06:55:36.828,10644.0,200.0,5,57.0,False,8,car,0 days 00:00:21.556000,0 days 01:07:44.257000,1525.1522222222227,LEC
2024-04-06 06:55:37.148,10582.0,198.0,5,54.0,False,8,car,0 days 00:00:21.876000,0 days 01:07:44.577000,1542.7522222222226,LEC
2024-04-06 06:55:37.468,10542.0,195.0,5,64.0,False,8,car,0 days 00:00:22.196000,0 days 01:07:44.897000,1560.085555555556,LEC
2024-04-06 06:55:37.708,10688.0,196.0,5,74.0,False,8,car,0 days 00:00:22.436000,0 days 01:07:45.137000,1573.1522222222225,LEC
2024-04-06 06:55:37.868,10828.0,197.0,5,77.0,False,8,car,0 days 00:00:22.596000,0 days 01:07:45.297000,1581.907777777778,LEC
2024-04-06 06:55:38.188,10935.0,201.0,5,87.0,False,8,car,0 days 00:00:22.916000,0 days 01:07:45.617000,1599.7744444444447,LEC
2024-04-06 06:55:38.427,11216.0,206.0,5,99.0,False,8,car,0 days 00:00:23.155000,0 days 01:07:45.856000,1613.450555555556,LEC
2024-04-06 06:55:38.787,11621.0,215.0,5,99.0,False,8,car,0 days 00:00:23.515000,0 days 01:07:46.216000,1634.950555555556,LEC
2024-04-06 06:55:38.987,11784.0,220.0,5,99.0,False,8,car,0 days 00:00:23.715000,0 days 01:07:46.416000,1647.172777777778,LEC
2024-04-06 06:55:39.187,10524.0,226.0,5,97.0,False,8,car,0 days 00:00:23.915000,0 days 01:07:46.616000,1659.7283333333337,LEC
2024-04-06 06:55:39.627,10623.0,230.0,6,86.0,False,8,car,0 days 00:00:24.355000,0 days 01:07:47.056000,1687.8394444444446,LEC
2024-04-06 06:55:39.867,10618.0,230.0,6,83.0,False,8,car,0 days 00:00:24.595000,0 days 01:07:47.296000,1703.1727777777778,LEC
2024-04-06 06:55:40.107,10717.0,232.0,6,91.0,False,8,car,0 days 00:00:24.835000,0 days 01:07:47.536000,1718.6394444444445,LEC
2024-04-06 06:55:40.307,10779.0,233.0,6,87.0,False,8,car,0 days 00:00:25.035000,0 days 01:07:47.736000,1731.5838888888889,LEC
2024-04-06 06:55:40.667,11072.0,235.0,6,90.0,False,8,car,0 days 00:00:25.395000,0 days 01:07:48.096000,1755.0838888888889,LEC
2024-04-06 06:55:41.068,11147.0,238.0,6,99.0,False,8,car,0 days 00:00:25.796000,0 days 01:07:48.497000,1781.5944444444444,LEC
2024-04-06 06:55:41.428,11196.0,242.0,6,99.0,False,8,car,0 days 00:00:26.156000,0 days 01:07:48.857000,1805.7944444444445,LEC
2024-04-06 06:55:41.708,11396.0,246.0,6,99.0,False,8,car,0 days 00:00:26.436000,0 days 01:07:49.137000,1824.927777777778,LEC
2024-04-06 06:55:41.868,11472.0,246.0,6,99.0,False,8,car,0 days 00:00:26.596000,0 days 01:07:49.297000,1835.8611111111115,LEC
2024-04-06 06:55:42.108,11536.0,252.0,6,99.0,False,8,car,0 days 00:00:26.836000,0 days 01:07:49.537000,1852.6611111111115,LEC
2024-04-06 06:55:42.268,11647.0,252.0,6,99.0,False,8,car,0 days 00:00:26.996000,0 days 01:07:49.697000,1863.8611111111115,LEC
2024-04-06 06:55:42.508,11798.0,254.0,6,99.0,False,8,car,0 days 00:00:27.236000,0 days 01:07:49.937000,1880.7944444444447,LEC
2024-04-06 06:55:42.668,10929.0,256.0,6,99.0,False,8,car,0 days 00:00:27.396000,0 days 01:07:50.097000,1892.1722222222224,LEC
2024-04-06 06:55:42.828,10520.0,259.0,6,99.0,False,8,car,0 days 00:00:27.556000,0 days 01:07:50.257000,1903.6833333333336,LEC
2024-04-06 06:55:43.068,10549.0,262.0,7,99.0,False,8,car,0 days 00:00:27.796000,0 days 01:07:50.497000,1921.15,LEC
2024-04-06 06:55:43.268,10708.0,264.0,7,99.0,False,8,car,0 days 00:00:27.996000,0 days 01:07:50.697000,1935.8166666666664,LEC
2024-04-06 06:55:43.548,10812.0,267.0,7,99.0,False,8,car,0 days 00:00:28.276000,0 days 01:07:50.977000,1956.5833333333333,LEC
2024-04-06 06:55:43.708,10818.0,270.0,7,99.0,False,8,car,0 days 00:00:28.436000,0 days 01:07:51.137000,1968.5833333333333,LEC
2024-04-06 06:55:43.988,10980.0,272.0,7,99.0,False,8,car,0 days 00:00:28.716000,0 days 01:07:51.417000,1989.7388888888888,LEC
2024-04-06 06:55:44.348,11077.0,274.0,7,99.0,False,8,car,0 days 00:00:29.076000,0 days 01:07:51.777000,2017.1388888888887,LEC
2024-04-06 06:55:44.548,11114.0,275.0,7,99.0,False,8,car,0 days 00:00:29.276000,0 days 01:07:51.977000,2032.4166666666663,LEC
2024-04-06 06:55:44.708,11114.0,277.0,7,99.0,False,8,car,0 days 00:00:29.436000,0 days 01:07:52.137000,2044.7277777777776,LEC
2024-04-06 06:55:44.908,11114.0,279.0,7,99.0,False,8,car,0 days 00:00:29.636000,0 days 01:07:52.337000,2060.2277777777776,LEC
2024-04-06 06:55:45.267,11289.0,281.0,7,99.0,False,8,car,0 days 00:00:29.995000,0 days 01:07:52.696000,2088.2497222222223,LEC
2024-04-06 06:55:45.427,11341.0,282.0,7,99.0,False,8,car,0 days 00:00:30.155000,0 days 01:07:52.856000,2100.783055555556,LEC
2024-04-06 06:55:45.667,11408.0,284.0,7,99.0,False,8,car,0 days 00:00:30.395000,0 days 01:07:53.096000,2119.716388888889,LEC
2024-04-06 06:55:45.827,11408.0,285.0,7,99.0,False,8,car,0 days 00:00:30.555000,0 days 01:07:53.256000,2132.3830555555555,LEC
2024-04-06 06:55:46.067,11492.0,286.0,7,99.0,False,8,car,0 days 00:00:30.795000,0 days 01:07:53.496000,2151.449722222222,LEC
2024-04-06 06:55:46.347,11554.0,289.0,7,99.0,False,8,car,0 days 00:00:31.075000,0 days 01:07:53.776000,2173.9275,LEC
2024-04-06 06:55:46.707,11625.0,291.0,7,99.0,False,8,car,0 days 00:00:31.435000,0 days 01:07:54.136000,2203.0275,LEC
2024-04-06 06:55:47.027,11443.0,290.0,7,90.0,True,8,car,0 days 00:00:31.755000,0 days 01:07:54.456000,2228.805277777777,LEC
2024-04-06 06:55:47.388,11131.0,280.0,7,51.0,True,8,car,0 days 00:00:32.116000,0 days 01:07:54.817000,2256.8830555555555,LEC
2024-04-06 06:55:47.708,10939.0,271.0,7,72.0,False,8,car,0 days 00:00:32.436000,0 days 01:07:55.137000,2280.9719444444445,LEC
2024-04-06 06:55:48.108,10781.0,268.0,7,99.0,False,8,car,0 days 00:00:32.836000,0 days 01:07:55.537000,2310.7497222222223,LEC
2024-04-06 06:55:48.388,10782.0,268.0,7,99.0,False,8,car,0 days 00:00:33.116000,0 days 01:07:55.817000,2331.5941666666668,LEC
2024-04-06 06:55:48.708,10558.0,262.0,7,53.0,True,8,car,0 days 00:00:33.436000,0 days 01:07:56.137000,2354.8830555555555,LEC
2024-04-06 06:55:49.028,9376.0,230.0,7,5.0,True,8,car,0 days 00:00:33.756000,0 days 01:07:56.457000,2375.3275,LEC
2024-04-06 06:55:49.388,10576.0,178.0,6,6.0,True,8,car,0 days 00:00:34.116000,0 days 01:07:56.817000,2393.1275,LEC
2024-04-06 06:55:49.548,10336.0,178.0,5,6.0,True,8,car,0 days 00:00:34.276000,0 days 01:07:56.977000,2401.0386111111115,LEC
2024-04-06 06:55:49.828,9742.0,159.0,4,8.0,True,8,car,0 days 00:00:34.556000,0 days 01:07:57.257000,2413.405277777778,LEC
2024-04-06 06:55:50.228,9434.0,149.0,4,17.0,False,8,car,0 days 00:00:34.956000,0 days 01:07:57.657000,2429.960833333333,LEC
2024-04-06 06:55:50.548,9358.0,145.0,4,54.0,False,8,car,0 days 00:00:35.276000,0 days 01:07:57.977000,2442.849722222222,LEC
2024-04-06 06:55:50.748,9547.0,143.0,4,73.0,False,8,car,0 days 00:00:35.476000,0 days 01:07:58.177000,2450.7941666666666,LEC
2024-04-06 06:55:51.028,10129.0,148.0,4,80.0,False,8,car,0 days 00:00:35.756000,0 days 01:07:58.457000,2462.305277777777,LEC
2024-04-06 06:55:51.188,10451.0,153.0,4,83.0,False,8,car,0 days 00:00:35.916000,0 days 01:07:58.617000,2469.105277777777,LEC
2024-04-06 06:55:51.468,11043.0,159.0,4,99.0,False,8,car,0 days 00:00:36.196000,0 days 01:07:58.897000,2481.471944444444,LEC
2024-04-06 06:55:51.708,11603.0,177.0,4,99.0,False,8,car,0 days 00:00:36.436000,0 days 01:07:59.137000,2493.271944444444,LEC
2024-04-06 06:55:51.987,9779.0,190.0,4,99.0,False,8,car,0 days 00:00:36.715000,0 days 01:07:59.416000,2507.9969444444446,LEC
2024-04-06 06:55:52.227,10723.0,193.0,5,99.0,False,8,car,0 days 00:00:36.955000,0 days 01:07:59.656000,2520.863611111111,LEC
2024-04-06 06:55:52.747,11548.0,213.0,5,99.0,False,8,car,0 days 00:00:37.475000,0 days 01:08:00.176000,2551.630277777778,LEC
2024-04-06 06:55:53.027,11863.0,223.0,5,99.0,False,8,car,0 days 00:00:37.755000,0 days 01:08:00.456000,2568.974722222222,LEC
2024-04-06 06:55:53.187,12007.0,227.0,5,99.0,False,8,car,0 days 00:00:37.915000,0 days 01:08:00.616000,2579.0636111111107,LEC
2024-04-06 06:55:53.587,10739.0,236.0,6,99.0,False,8,car,0 days 00:00:38.315000,0 days 01:08:01.016000,2605.285833333333,LEC
2024-04-06 06:55:53.988,11215.0,244.0,6,99.0,False,8,car,0 days 00:00:38.716000,0 days 01:08:01.417000,2632.464722222222,LEC
2024-04-06 06:55:54.268,11489.0,248.0,6,99.0,False,8,car,0 days 00:00:38.996000,0 days 01:08:01.697000,2651.753611111111,LEC
2024-04-06 06:55:54.588,11657.0,254.0,6,99.0,False,8,car,0 days 00:00:39.316000,0 days 01:08:02.017000,2674.331388888889,LEC
2024-04-06 06:55:54.788,11806.0,258.0,6,99.0,False,8,car,0 days 00:00:39.516000,0 days 01:08:02.217000,2688.664722222222,LEC
2024-04-06 06:55:54.988,11933.0,259.0,6,99.0,False,8,car,0 days 00:00:39.716000,0 days 01:08:02.417000,2703.053611111111,LEC
2024-04-06 06:55:55.228,12030.0,262.0,6,99.0,False,8,car,0 days 00:00:39.956000,0 days 01:08:02.657000,2720.5202777777777,LEC
2024-04-06 06:55:55.548,12190.0,263.0,6,99.0,False,8,car,0 days 00:00:40.276000,0 days 01:08:02.977000,2743.8980555555554,LEC
2024-04-06 06:55:55.828,12241.0,264.0,6,99.0,False,8,car,0 days 00:00:40.556000,0 days 01:08:03.257000,2764.4313888888883,LEC
2024-04-06 06:55:56.028,12176.0,265.0,6,99.0,False,8,car,0 days 00:00:40.756000,0 days 01:08:03.457000,2779.153611111111,LEC
2024-04-06 06:55:56.308,11616.0,254.0,6,5.0,True,8,car,0 days 00:00:41.036000,0 days 01:08:03.737000,2798.9091666666664,LEC
2024-04-06 06:55:56.668,10731.0,212.0,6,1.0,True,8,car,0 days 00:00:41.396000,0 days 01:08:04.097000,2820.109166666666,LEC
2024-04-06 06:55:56.828,10068.0,185.0,6,1.0,True,8,car,0 days 00:00:41.556000,0 days 01:08:04.257000,2828.3313888888883,LEC
2024-04-06 06:55:56.988,10181.0,172.0,6,2.0,True,8,car,0 days 00:00:41.716000,0 days 01:08:04.417000,2835.975833333333,LEC
2024-04-06 06:55:57.148,10525.0,151.0,5,1.0,True,8,car,0 days 00:00:41.876000,0 days 01:08:04.577000,2842.686944444444,LEC
2024-04-06 06:55:57.508,10124.0,120.0,2,1.0,True,8,car,0 days 00:00:42.236000,0 days 01:08:04.937000,2854.686944444444,LEC
2024-04-06 06:55:57.828,8706.0,104.0,2,0.0,True,8,car,0 days 00:00:42.556000,0 days 01:08:05.257000,2863.9313888888883,LEC
2024-04-06 06:55:58.028,8286.0,98.0,2,0.0,True,8,car,0 days 00:00:42.756000,0 days 01:08:05.457000,2869.3758333333326,LEC
2024-04-06 06:55:58.268,7669.0,91.0,2,0.0,True,8,car,0 days 00:00:42.996000,0 days 01:08:05.697000,2875.442499999999,LEC
2024-04-06 06:55:58.547,7274.0,83.0,2,0.0,True,8,car,0 days 00:00:43.275000,0 days 01:08:05.976000,2881.874999999999,LEC
2024-04-06 06:55:58.787,6741.0,78.0,2,0.0,False,8,car,0 days 00:00:43.515000,0 days 01:08:06.216000,2887.074999999999,LEC
2024-04-06 06:55:59.107,6957.0,74.0,2,15.0,False,8,car,0 days 00:00:43.835000,0 days 01:08:06.536000,2893.6527777777765,LEC
2024-04-06 06:55:59.347,6835.0,74.0,2,34.0,False,8,car,0 days 00:00:44.075000,0 days 01:08:06.776000,2898.58611111111,LEC
2024-04-06 06:55:59.587,7044.0,77.0,2,37.0,False,8,car,0 days 00:00:44.315000,0 days 01:08:07.016000,2903.719444444443,LEC
2024-04-06 06:55:59.787,7161.0,79.0,2,39.0,False,8,car,0 days 00:00:44.515000,0 days 01:08:07.216000,2908.108333333332,LEC
2024-04-06 06:56:00.107,7790.0,81.0,2,51.0,False,8,car,0 days 00:00:44.835000,0 days 01:08:07.536000,2915.308333333332,LEC
2024-04-06 06:56:00.267,8184.0,85.0,2,57.0,False,8,car,0 days 00:00:44.995000,0 days 01:08:07.696000,2919.08611111111,LEC
2024-04-06 06:56:00.507,8668.0,93.0,2,59.0,False,8,car,0 days 00:00:45.235000,0 days 01:08:07.936000,2925.28611111111,LEC
2024-04-06 06:56:00.748,9860.0,96.0,2,72.0,False,8,car,0 days 00:00:45.476000,0 days 01:08:08.177000,2931.712777777777,LEC
2024-04-06 06:56:00.948,10606.0,106.0,2,76.0,False,8,car,0 days 00:00:45.676000,0 days 01:08:08.377000,2937.601666666666,LEC
2024-04-06 06:56:01.188,10741.0,119.0,2,80.0,False,8,car,0 days 00:00:45.916000,0 days 01:08:08.617000,2945.534999999999,LEC
2024-04-06 06:56:01.508,10152.0,131.0,3,84.0,False,8,car,0 days 00:00:46.236000,0 days 01:08:08.937000,2957.179444444444,LEC
2024-04-06 06:56:01.668,10572.0,137.0,3,98.0,False,8,car,0 days 00:00:46.396000,0 days 01:08:09.097000,2963.2683333333325,LEC
2024-04-06 06:56:01.908,10852.0,149.0,3,98.0,False,8,car,0 days 00:00:46.636000,0 days 01:08:09.337000,2973.201666666666,LEC
2024-04-06 06:56:02.228,10914.0,169.0,4,99.0,False,8,car,0 days 00:00:46.956000,0 days 01:08:09.657000,2988.2238888888883,LEC
2024-04-06 06:56:02.388,11463.0,178.0,4,99.0,False,8,car,0 days 00:00:47.116000,0 days 01:08:09.817000,2996.1349999999998,LEC
2024-04-06 06:56:02.548,11603.0,182.0,4,99.0,False,8,car,0 days 00:00:47.276000,0 days 01:08:09.977000,3004.2238888888883,LEC
2024-04-06 06:56:02.748,11790.0,191.0,4,99.0,False,8,car,0 days 00:00:47.476000,0 days 01:08:10.177000,3014.834999999999,LEC
2024-04-06 06:56:03.028,10859.0,201.0,5,99.0,False,8,car,0 days 00:00:47.756000,0 days 01:08:10.457000,3030.4683333333323,LEC
2024-04-06 06:56:03.228,11315.0,208.0,5,99.0,False,8,car,0 days 00:00:47.956000,0 days 01:08:10.657000,3042.023888888888,LEC
2024-04-06 06:56:03.428,11482.0,213.0,5,99.0,False,8,car,0 days 00:00:48.156000,0 days 01:08:10.857000,3053.857222222221,LEC
2024-04-06 06:56:03.628,11783.0,213.0,5,99.0,False,8,car,0 days 00:00:48.356000,0 days 01:08:11.057000,3065.6905555555545,LEC
2024-04-06 06:56:03.988,11217.0,229.0,5,99.0,False,8,car,0 days 00:00:48.716000,0 days 01:08:11.417000,3088.5905555555546,LEC
2024-04-06 06:56:04.308,10914.0,235.0,6,99.0,False,8,car,0 days 00:00:49.036000,0 days 01:08:11.737000,3109.4794444444437,LEC
2024-04-06 06:56:04.468,11040.0,238.0,6,99.0,False,8,car,0 days 00:00:49.196000,0 days 01:08:11.897000,3120.057222222221,LEC
2024-04-06 06:56:04.668,11256.0,242.0,6,99.0,False,8,car,0 days 00:00:49.396000,0 days 01:08:12.097000,3133.5016666666656,LEC
2024-04-06 06:56:04.868,11516.0,245.0,6,99.0,False,8,car,0 days 00:00:49.596000,0 days 01:08:12.297000,3147.1127777777765,LEC
2024-04-06 06:56:05.028,11396.0,247.0,6,99.0,False,8,car,0 days 00:00:49.756000,0 days 01:08:12.457000,3158.0905555555546,LEC
2024-04-06 06:56:05.307,11600.0,252.0,6,99.0,False,8,car,0 days 00:00:50.035000,0 days 01:08:12.736000,3177.6205555555543,LEC
2024-04-06 06:56:05.587,11796.0,256.0,6,99.0,False,8,car,0 days 00:00:50.315000,0 days 01:08:13.016000,3197.5316666666654,LEC
2024-04-06 06:56:05.827,10256.0,258.0,6,99.0,False,8,car,0 days 00:00:50.555000,0 days 01:08:13.256000,3214.7316666666657,LEC
2024-04-06 06:56:06.027,10575.0,261.0,7,99.0,False,8,car,0 days 00:00:50.755000,0 days 01:08:13.456000,3229.2316666666657,LEC
2024-04-06 06:56:06.347,10680.0,264.0,7,99.0,False,8,car,0 days 00:00:51.075000,0 days 01:08:13.776000,3252.6983333333324,LEC
2024-04-06 06:56:06.747,10902.0,270.0,7,99.0,False,8,car,0 days 00:00:51.475000,0 days 01:08:14.176000,3282.6983333333324,LEC
2024-04-06 06:56:07.148,11040.0,274.0,7,99.0,False,8,car,0 days 00:00:51.876000,0 days 01:08:14.577000,3313.218888888888,LEC
2024-04-06 06:56:07.348,11151.0,275.0,7,99.0,False,8,car,0 days 00:00:52.076000,0 days 01:08:14.777000,3328.496666666665,LEC
2024-04-06 06:56:07.588,11219.0,280.0,7,99.0,False,8,car,0 days 00:00:52.316000,0 days 01:08:15.017000,3347.1633333333325,LEC
2024-04-06 06:56:07.828,11313.0,280.0,7,99.0,False,8,car,0 days 00:00:52.556000,0 days 01:08:15.257000,3365.8299999999986,LEC
2024-04-06 06:56:08.028,11356.0,283.0,7,99.0,False,8,car,0 days 00:00:52.756000,0 days 01:08:15.457000,3381.552222222221,LEC
2024-04-06 06:56:08.348,11425.0,285.0,7,99.0,False,8,car,0 days 00:00:53.076000,0 days 01:08:15.777000,3406.8855555555547,LEC
2024-04-06 06:56:08.548,11503.0,287.0,7,99.0,False,8,car,0 days 00:00:53.276000,0 days 01:08:15.977000,3422.8299999999995,LEC
2024-04-06 06:56:08.788,11542.0,288.0,7,99.0,False,8,car,0 days 00:00:53.516000,0 days 01:08:16.217000,3442.029999999999,LEC
2024-04-06 06:56:09.068,11616.0,288.0,7,99.0,False,8,car,0 days 00:00:53.796000,0 days 01:08:16.497000,3464.429999999999,LEC
2024-04-06 06:56:09.348,11611.0,288.0,7,99.0,False,8,car,0 days 00:00:54.076000,0 days 01:08:16.777000,3486.829999999999,LEC
2024-04-06 06:56:09.628,11610.0,290.0,7,100.0,False,8,car,0 days 00:00:54.356000,0 days 01:08:17.057000,3509.3855555555547,LEC
2024-04-06 06:56:09.868,11679.0,290.0,7,99.0,False,8,car,0 days 00:00:54.596000,0 days 01:08:17.297000,3528.718888888888,LEC
2024-04-06 06:56:10.268,11693.0,291.0,7,99.0,False,8,car,0 days 00:00:54.996000,0 days 01:08:17.697000,3561.0522222222216,LEC
2024-04-06 06:56:10.668,11749.0,292.0,7,99.0,False,8,car,0 days 00:00:55.396000,0 days 01:08:18.097000,3593.496666666666,LEC
2024-04-06 06:56:11.068,11803.0,293.0,7,99.0,False,8,car,0 days 00:00:55.796000,0 days 01:08:18.497000,3626.0522222222216,LEC
2024-04-06 06:56:11.228,11814.0,294.0,7,99.0,False,8,car,0 days 00:00:55.956000,0 days 01:08:18.657000,3639.1188888888887,LEC
2024-04-06 06:56:11.388,11822.0,295.0,7,99.0,False,8,car,0 days 00:00:56.116000,0 days 01:08:18.817000,3652.23,LEC
2024-04-06 06:56:11.708,11883.0,296.0,7,99.0,False,8,car,0 days 00:00:56.436000,0 days 01:08:19.137000,3678.541111111111,LEC
2024-04-06 06:56:11.908,11855.0,296.0,7,99.0,False,8,car,0 days 00:00:56.636000,0 days 01:08:19.337000,3694.985555555556,LEC
2024-04-06 06:56:12.067,11753.0,296.0,7,99.0,False,8,car,0 days 00:00:56.795000,0 days 01:08:19.496000,3708.0588888888888,LEC
2024-04-06 06:56:12.387,11323.0,289.0,7,20.0,True,8,car,0 days 00:00:57.115000,0 days 01:08:19.816000,3733.7477777777776,LEC
2024-04-06 06:56:12.547,11201.0,281.0,7,19.0,True,8,car,0 days 00:00:57.275000,0 days 01:08:19.976000,3746.236666666666,LEC
2024-04-06 06:56:12.707,12016.0,267.0,7,20.0,True,8,car,0 days 00:00:57.435000,0 days 01:08:20.136000,3758.103333333333,LEC
2024-04-06 06:56:13.147,11319.0,250.0,6,63.0,False,8,car,0 days 00:00:57.875000,0 days 01:08:20.576000,3788.658888888888,LEC
2024-04-06 06:56:13.427,11189.0,244.0,6,64.0,False,8,car,0 days 00:00:58.155000,0 days 01:08:20.856000,3807.636666666666,LEC
2024-04-06 06:56:13.828,10964.0,239.0,6,71.0,False,8,car,0 days 00:00:58.556000,0 days 01:08:21.257000,3834.25861111111,LEC
2024-04-06 06:56:14.188,10658.0,236.0,6,57.0,False,8,car,0 days 00:00:58.916000,0 days 01:08:21.617000,3857.85861111111,LEC
2024-04-06 06:56:14.388,10157.0,232.0,6,5.0,True,8,car,0 days 00:00:59.116000,0 days 01:08:21.817000,3870.747499999999,LEC
2024-04-06 06:56:14.588,10577.0,214.0,6,5.0,True,8,car,0 days 00:00:59.316000,0 days 01:08:22.017000,3882.636388888888,LEC
2024-04-06 06:56:14.748,10704.0,214.0,5,6.0,True,8,car,0 days 00:00:59.476000,0 days 01:08:22.177000,3892.147499999999,LEC
2024-04-06 06:56:14.948,10109.0,199.0,5,5.0,True,8,car,0 days 00:00:59.676000,0 days 01:08:22.377000,3903.203055555555,LEC
2024-04-06 06:56:15.108,9896.0,191.0,5,5.0,True,8,car,0 days 00:00:59.836000,0 days 01:08:22.537000,3911.6919444444434,LEC
2024-04-06 06:56:15.508,9405.0,180.0,5,7.0,True,8,car,0 days 00:01:00.236000,0 days 01:08:22.937000,3931.6919444444434,LEC
2024-04-06 06:56:16.468,9854.0,177.0,5,80.0,False,8,car,0 days 00:01:01.196000,0 days 01:08:23.897000,3978.891944444443,LEC
2024-04-06 06:56:16.708,9961.0,182.0,5,83.0,False,8,car,0 days 00:01:01.436000,0 days 01:08:24.137000,3991.025277777776,LEC
2024-04-06 06:56:16.948,10492.0,187.0,5,99.0,False,8,car,0 days 00:01:01.676000,0 days 01:08:24.377000,4003.491944444443,LEC
2024-04-06 06:56:17.148,10778.0,193.0,5,99.0,False,8,car,0 days 00:01:01.876000,0 days 01:08:24.577000,4014.214166666665,LEC
2024-04-06 06:56:17.388,11000.0,202.0,5,99.0,False,8,car,0 days 00:01:02.116000,0 days 01:08:24.817000,4027.680833333332,LEC
2024-04-06 06:56:17.628,11287.0,209.0,5,99.0,False,8,car,0 days 00:01:02.356000,0 days 01:08:25.057000,4041.614166666666,LEC
2024-04-06 06:56:17.868,11628.0,214.0,5,99.0,False,8,car,0 days 00:01:02.596000,0 days 01:08:25.297000,4055.880833333332,LEC
2024-04-06 06:56:18.268,10947.0,225.0,5,99.0,False,8,car,0 days 00:01:02.996000,0 days 01:08:25.697000,4080.880833333332,LEC
2024-04-06 06:56:18.468,10699.0,230.0,6,99.0,False,8,car,0 days 00:01:03.196000,0 days 01:08:25.897000,4093.6586111111096,LEC
2024-04-06 06:56:18.667,10982.0,236.0,6,99.0,False,8,car,0 days 00:01:03.395000,0 days 01:08:26.096000,4106.7041666666655,LEC
2024-04-06 06:56:18.907,11134.0,243.0,6,99.0,False,8,car,0 days 00:01:03.635000,0 days 01:08:26.336000,4122.904166666665,LEC
2024-04-06 06:56:19.307,11537.0,251.0,6,99.0,False,8,car,0 days 00:01:04.035000,0 days 01:08:26.736000,4150.793055555554,LEC
2024-04-06 06:56:19.587,11746.0,257.0,6,99.0,False,8,car,0 days 00:01:04.315000,0 days 01:08:27.016000,4170.781944444443,LEC
2024-04-06 06:56:19.907,10766.0,262.0,6,99.0,False,8,car,0 days 00:01:04.635000,0 days 01:08:27.336000,4194.070833333332,LEC
2024-04-06 06:56:20.067,10587.0,263.0,7,99.0,False,8,car,0 days 00:01:04.795000,0 days 01:08:27.496000,4205.759722222221,LEC
2024-04-06 06:56:20.428,10782.0,269.0,7,99.0,False,8,car,0 days 00:01:05.156000,0 days 01:08:27.857000,4232.734444444443,LEC
2024-04-06 06:56:20.788,10926.0,272.0,7,99.0,False,8,car,0 days 00:01:05.516000,0 days 01:08:28.217000,4259.934444444443,LEC
2024-04-06 06:56:21.148,11075.0,275.0,7,99.0,False,8,car,0 days 00:01:05.876000,0 days 01:08:28.577000,4287.434444444443,LEC
2024-04-06 06:56:21.348,11199.0,277.0,7,99.0,False,8,car,0 days 00:01:06.076000,0 days 01:08:28.777000,4302.823333333331,LEC
2024-04-06 06:56:21.708,11233.0,280.0,7,99.0,False,8,car,0 days 00:01:06.436000,0 days 01:08:29.137000,4330.823333333332,LEC
2024-04-06 06:56:21.988,11307.0,282.0,7,99.0,False,8,car,0 days 00:01:06.716000,0 days 01:08:29.417000,4352.756666666664,LEC
2024-04-06 06:56:22.348,11393.0,285.0,7,99.0,False,8,car,0 days 00:01:07.076000,0 days 01:08:29.777000,4381.256666666664,LEC
2024-04-06 06:56:22.548,11457.0,285.0,7,99.0,False,8,car,0 days 00:01:07.276000,0 days 01:08:29.977000,4397.089999999998,LEC
2024-04-06 06:56:22.708,11500.0,287.0,7,99.0,False,8,car,0 days 00:01:07.436000,0 days 01:08:30.137000,4409.845555555555,LEC
2024-04-06 06:56:23.028,11525.0,288.0,7,99.0,False,8,car,0 days 00:01:07.756000,0 days 01:08:30.457000,4435.445555555554,LEC
2024-04-06 06:56:23.268,11566.0,287.0,7,99.0,False,8,car,0 days 00:01:07.996000,0 days 01:08:30.697000,4454.578888888887,LEC
2024-04-06 06:56:23.428,11606.0,289.0,7,99.0,False,8,car,0 days 00:01:08.156000,0 days 01:08:30.857000,4467.423333333332,LEC
2024-04-06 06:56:23.908,11623.0,291.0,7,99.0,False,8,car,0 days 00:01:08.636000,0 days 01:08:31.337000,4506.223333333332,LEC
2024-04-06 06:56:24.228,10456.0,292.0,7,99.0,False,8,car,0 days 00:01:08.956000,0 days 01:08:31.657000,4532.178888888888,LEC
2024-04-06 06:56:24.508,10474.0,293.0,8,99.0,False,8,car,0 days 00:01:09.236000,0 days 01:08:31.937000,4554.967777777777,LEC
2024-04-06 06:56:24.828,10454.0,294.0,8,99.0,False,8,car,0 days 00:01:09.556000,0 days 01:08:32.257000,4581.10111111111,LEC
2024-04-06 06:56:24.988,10498.0,295.0,8,99.0,False,8,car,0 days 00:01:09.716000,0 days 01:08:32.417000,4594.212222222221,LEC
2024-04-06 06:56:25.188,10512.0,296.0,8,99.0,False,8,car,0 days 00:01:09.916000,0 days 01:08:32.617000,4610.656666666665,LEC
2024-04-06 06:56:25.427,10502.0,295.0,8,99.0,False,8,car,0 days 00:01:10.155000,0 days 01:08:32.856000,4630.241388888888,LEC
2024-04-06 06:56:25.707,10560.0,297.0,8,99.0,False,8,car,0 days 00:01:10.435000,0 days 01:08:33.136000,4653.341388888888,LEC
2024-04-06 06:56:26.067,10582.0,297.0,8,99.0,False,8,car,0 days 00:01:10.795000,0 days 01:08:33.496000,4683.041388888888,LEC
2024-04-06 06:56:26.267,10640.0,297.0,8,99.0,False,8,car,0 days 00:01:10.995000,0 days 01:08:33.696000,4699.541388888888,LEC
2024-04-06 06:56:26.507,10599.0,298.0,8,99.0,False,8,car,0 days 00:01:11.235000,0 days 01:08:33.936000,4719.408055555554,LEC
2024-04-06 06:56:26.707,10603.0,298.0,8,99.0,False,8,car,0 days 00:01:11.435000,0 days 01:08:34.136000,4735.9636111111095,LEC
2024-04-06 06:56:26.948,10669.0,299.0,8,99.0,False,8,car,0 days 00:01:11.676000,0 days 01:08:34.377000,4755.979999999999,LEC
2024-04-06 06:56:27.108,10669.0,299.0,8,99.0,False,8,car,0 days 00:01:11.836000,0 days 01:08:34.537000,4769.268888888887,LEC
2024-04-06 06:56:27.308,10676.0,300.0,8,99.0,False,8,car,0 days 00:01:12.036000,0 days 01:08:34.737000,4785.935555555554,LEC
2024-04-06 06:56:27.468,10668.0,300.0,8,99.0,False,8,car,0 days 00:01:12.196000,0 days 01:08:34.897000,4799.268888888887,LEC
2024-04-06 06:56:27.708,10690.0,301.0,8,99.0,False,8,car,0 days 00:01:12.436000,0 days 01:08:35.137000,4819.3355555555545,LEC
2024-04-06 06:56:27.908,10702.0,301.0,8,99.0,False,8,car,0 days 00:01:12.636000,0 days 01:08:35.337000,4836.057777777776,LEC
2024-04-06 06:56:28.068,10741.0,301.0,8,99.0,False,8,car,0 days 00:01:12.796000,0 days 01:08:35.497000,4849.435555555555,LEC
2024-04-06 06:56:28.428,10739.0,301.0,8,99.0,False,8,car,0 days 00:01:13.156000,0 days 01:08:35.857000,4879.535555555555,LEC
2024-04-06 06:56:28.868,10697.0,300.0,8,99.0,False,8,car,0 days 00:01:13.596000,0 days 01:08:36.297000,4916.202222222221,LEC
2024-04-06 06:56:29.188,10667.0,299.0,8,99.0,False,8,car,0 days 00:01:13.916000,0 days 01:08:36.617000,4942.779999999999,LEC
2024-04-06 06:56:29.388,10692.0,298.0,8,99.0,False,8,car,0 days 00:01:14.116000,0 days 01:08:36.817000,4959.3355555555545,LEC
2024-04-06 06:56:29.548,10677.0,298.0,8,99.0,False,8,car,0 days 00:01:14.276000,0 days 01:08:36.977000,4972.579999999999,LEC
2024-04-06 06:56:29.828,10614.0,299.0,8,99.0,False,8,car,0 days 00:01:14.556000,0 days 01:08:37.257000,4995.8355555555545,LEC
2024-04-06 06:56:30.108,10623.0,297.0,8,99.0,False,8,car,0 days 00:01:14.836000,0 days 01:08:37.537000,5018.935555555555,LEC
2024-04-06 06:56:30.468,10593.0,297.0,8,99.0,False,8,car,0 days 00:01:15.196000,0 days 01:08:37.897000,5048.635555555555,LEC
2024-04-06 06:56:30.868,10519.0,296.0,8,99.0,False,8,car,0 days 00:01:15.596000,0 days 01:08:38.297000,5081.524444444444,LEC
2024-04-06 06:56:31.108,10551.0,296.0,8,99.0,False,8,car,0 days 00:01:15.836000,0 days 01:08:38.537000,5101.257777777777,LEC
2024-04-06 06:56:31.268,10555.0,296.0,8,99.0,False,8,car,0 days 00:01:15.996000,0 days 01:08:38.697000,5114.413333333332,LEC
2024-04-06 06:56:31.428,10574.0,296.0,8,99.0,False,8,car,0 days 00:01:16.156000,0 days 01:08:38.857000,5127.568888888888,LEC
2024-04-06 06:56:31.628,10584.0,297.0,8,99.0,False,8,car,0 days 00:01:16.356000,0 days 01:08:39.057000,5144.068888888887,LEC
2024-04-06 06:56:31.908,10602.0,297.0,8,99.0,False,8,car,0 days 00:01:16.636000,0 days 01:08:39.337000,5167.168888888888,LEC
2024-04-06 06:56:32.187,10619.0,298.0,8,99.0,False,8,car,0 days 00:01:16.915000,0 days 01:08:39.616000,5190.263888888889,LEC
2024-04-06 06:56:32.427,10611.0,298.0,8,99.0,False,8,car,0 days 00:01:17.155000,0 days 01:08:39.856000,5210.130555555555,LEC
2024-04-06 06:56:32.747,10656.0,297.0,8,99.0,False,8,car,0 days 00:01:17.475000,0 days 01:08:40.176000,5236.530555555554,LEC
2024-04-06 06:56:33.147,10066.0,296.0,8,0.0,True,8,car,0 days 00:01:17.875000,0 days 01:08:40.576000,5269.419444444444,LEC
2024-04-06 06:56:33.307,9559.0,282.0,8,0.0,True,8,car,0 days 00:01:18.035000,0 days 01:08:40.736000,5281.952777777777,LEC
2024-04-06 06:56:33.548,9071.0,231.0,7,0.0,True,8,car,0 days 00:01:18.276000,0 days 01:08:40.977000,5297.416944444443,LEC
2024-04-06 06:56:33.988,9124.0,165.0,7,0.0,True,8,car,0 days 00:01:18.716000,0 days 01:08:41.417000,5317.58361111111,LEC
2024-04-06 06:56:34.228,8628.0,155.0,5,0.0,True,8,car,0 days 00:01:18.956000,0 days 01:08:41.657000,5327.916944444444,LEC
2024-04-06 06:56:34.588,8544.0,118.0,3,0.0,True,8,car,0 days 00:01:19.316000,0 days 01:08:42.017000,5339.716944444444,LEC
2024-04-06 06:56:34.828,7734.0,109.0,3,2.0,True,8,car,0 days 00:01:19.556000,0 days 01:08:42.257000,5346.983611111111,LEC
2024-04-06 06:56:35.228,7158.0,97.0,3,3.0,True,8,car,0 days 00:01:19.956000,0 days 01:08:42.657000,5357.761388888889,LEC
2024-04-06 06:56:35.468,7071.0,93.0,3,18.0,False,8,car,0 days 00:01:20.196000,0 days 01:08:42.897000,5363.961388888889,LEC
2024-04-06 06:56:35.708,6540.0,93.0,3,28.0,False,8,car,0 days 00:01:20.436000,0 days 01:08:43.137000,5370.161388888889,LEC
2024-04-06 06:56:35.988,6960.0,94.0,3,40.0,False,8,car,0 days 00:01:20.716000,0 days 01:08:43.417000,5377.4725,LEC
2024-04-06 06:56:36.268,7385.0,96.0,3,41.0,False,8,car,0 days 00:01:20.996000,0 days 01:08:43.697000,5384.939166666666,LEC
2024-04-06 06:56:36.548,8036.0,103.0,3,55.0,False,8,car,0 days 00:01:21.276000,0 days 01:08:43.977000,5392.950277777777,LEC
2024-04-06 06:56:36.868,7549.0,107.0,3,0.0,True,8,car,0 days 00:01:21.596000,0 days 01:08:44.297000,5402.461388888888,LEC
2024-04-06 06:56:37.148,7515.0,100.0,3,6.0,False,8,car,0 days 00:01:21.876000,0 days 01:08:44.577000,5410.239166666665,LEC
2024-04-06 06:56:37.308,7177.0,98.0,3,14.0,False,8,car,0 days 00:01:22.036000,0 days 01:08:44.737000,5414.594722222221,LEC
2024-04-06 06:56:37.708,7187.0,96.0,3,42.0,False,8,car,0 days 00:01:22.436000,0 days 01:08:45.137000,5425.261388888888,LEC
2024-04-06 06:56:37.988,7866.0,100.0,3,59.0,False,8,car,0 days 00:01:22.716000,0 days 01:08:45.417000,5433.039166666666,LEC
2024-04-06 06:56:38.148,8442.0,103.0,3,68.0,False,8,car,0 days 00:01:22.876000,0 days 01:08:45.577000,5437.616944444444,LEC
2024-04-06 06:56:38.548,9556.0,118.0,3,80.0,False,8,car,0 days 00:01:23.276000,0 days 01:08:45.977000,5450.728055555554,LEC
2024-04-06 06:56:38.748,10201.0,126.0,3,90.0,False,8,car,0 days 00:01:23.476000,0 days 01:08:46.177000,5457.728055555554,LEC
2024-04-06 06:56:38.947,11005.0,137.0,3,99.0,False,8,car,0 days 00:01:23.675000,0 days 01:08:46.376000,5465.30111111111,LEC
2024-04-06 06:56:39.107,11259.0,147.0,3,99.0,False,8,car,0 days 00:01:23.835000,0 days 01:08:46.536000,5471.834444444443,LEC
2024-04-06 06:56:39.307,11119.0,157.0,4,99.0,False,8,car,0 days 00:01:24.035000,0 days 01:08:46.736000,5480.5566666666655,LEC
2024-04-06 06:56:39.547,11149.0,162.0,4,99.0,False,8,car,0 days 00:01:24.275000,0 days 01:08:46.976000,5491.356666666666,LEC
2024-04-06 06:56:39.867,10309.0,179.0,4,99.0,False,8,car,0 days 00:01:24.595000,0 days 01:08:47.296000,5507.267777777776,LEC
2024-04-06 06:56:40.188,10520.0,193.0,5,99.0,False,8,car,0 days 00:01:24.916000,0 days 01:08:47.617000,5524.476944444443,LEC
2024-04-06 06:56:40.388,10814.0,200.0,5,99.0,False,8,car,0 days 00:01:25.116000,0 days 01:08:47.817000,5535.588055555554,LEC
2024-04-06 06:56:40.628,10995.0,206.0,5,99.0,False,8,car,0 days 00:01:25.356000,0 days 01:08:48.057000,5549.321388888887,LEC
2024-04-06 06:56:40.828,11246.0,206.0,5,99.0,False,8,car,0 days 00:01:25.556000,0 days 01:08:48.257000,5560.765833333331,LEC
2024-04-06 06:56:41.228,11803.0,222.0,5,99.0,False,8,car,0 days 00:01:25.956000,0 days 01:08:48.657000,5585.432499999998,LEC
2024-04-06 06:56:41.628,10423.0,231.0,6,99.0,False,8,car,0 days 00:01:26.356000,0 days 01:08:49.057000,5611.099166666664,LEC
2024-04-06 06:56:42.068,11124.0,239.0,6,100.0,False,8,car,0 days 00:01:26.796000,0 days 01:08:49.497000,5640.310277777776,LEC
2024-04-06 06:56:42.428,11379.0,247.0,6,99.0,False,8,car,0 days 00:01:27.156000,0 days 01:08:49.857000,5665.010277777776,LEC
2024-04-06 06:56:42.868,11776.0,255.0,6,99.0,False,14,car,0 days 00:01:27.596000,0 days 01:08:50.297000,5696.176944444442,LEC
2024-04-06 06:56:43.148,10298.0,261.0,7,99.0,False,12,car,0 days 00:01:27.876000,0 days 01:08:50.577000,5716.476944444442,LEC
2024-04-06 06:56:43.428,10705.0,266.0,7,99.0,False,12,car,0 days 00:01:28.156000,0 days 01:08:50.857000,5737.165833333331,LEC
2024-04-06 06:56:43.668,10892.0,269.0,7,99.0,False,12,car,0 days 00:01:28.396000,0 days 01:08:51.097000,5755.099166666664,LEC
2024-04-06 06:56:43.988,11077.0,274.0,7,99.0,False,12,car,0 days 00:01:28.716000,0 days 01:08:51.417000,5779.454722222219,LEC
