Date,RPM,Speed,nGear,Throttle,Brake,DRS,Source,Time,SessionTime,Distance
2024-04-06 06:55:15.468,11244.0,278.0,7,99.0,False,12,car,0 days 00:00:00.196000,0 days 01:07:22.897000,15.135555555555555
2024-04-06 06:55:15.828,11379.0,284.0,7,99.0,False,12,car,0 days 00:00:00.556000,0 days 01:07:23.257000,43.53555555555556
2024-04-06 06:55:16.148,11589.0,288.0,7,99.0,False,12,car,0 days 00:00:00.876000,0 days 01:07:23.577000,69.13555555555556
2024-04-06 06:55:16.428,11494.0,291.0,7,99.0,False,12,car,0 days 00:00:01.156000,0 days 01:07:23.857000,91.76888888888888
2024-04-06 06:55:16.708,10484.0,294.0,7,99.0,False,12,car,0 days 00:00:01.436000,0 days 01:07:24.137000,114.63555555555556
2024-04-06 06:55:17.068,10609.0,297.0,8,99.0,False,12,car,0 days 00:00:01.796000,0 days 01:07:24.497000,144.33555555555557
2024-04-06 06:55:17.228,10609.0,299.0,8,99.0,False,12,car,0 days 00:00:01.956000,0 days 01:07:24.657000,157.62444444444446
2024-04-06 06:55:17.588,10722.0,302.0,8,99.0,False,12,car,0 days 00:00:02.316000,0 days 01:07:25.017000,187.82444444444445
2024-04-06 06:55:17.828,10794.0,304.0,8,99.0,False,12,car,0 days 00:00:02.556000,0 days 01:07:25.257000,208.09111111111113
2024-04-06 06:55:18.267,10855.0,305.0,8,99.0,False,12,car,0 days 00:00:02.995000,0 days 01:07:25.696000,245.2841666666667
2024-04-06 06:55:18.667,10958.0,308.0,8,99.0,False,12,car,0 days 00:00:03.395000,0 days 01:07:26.096000,279.5063888888889
2024-04-06 06:55:18.947,10993.0,310.0,8,99.0,False,12,car,0 days 00:00:03.675000,0 days 01:07:26.376000,303.6175
2024-04-06 06:55:19.347,11066.0,310.0,8,99.0,False,12,car,0 days 00:00:04.075000,0 days 01:07:26.776000,338.06194444444446
2024-04-06 06:55:19.747,11125.0,313.0,8,99.0,False,12,car,0 days 00:00:04.475000,0 days 01:07:27.176000,372.8397222222222
2024-04-06 06:55:19.907,11125.0,313.0,8,99.0,False,12,car,0 days 00:00:04.635000,0 days 01:07:27.336000,386.7508333333333
2024-04-06 06:55:20.387,11208.0,315.0,8,99.0,False,12,car,0 days 00:00:05.115000,0 days 01:07:27.816000,428.75083333333333
2024-04-06 06:55:20.547,11212.0,315.0,8,99.0,False,12,car,0 days 00:00:05.275000,0 days 01:07:27.976000,442.75083333333333
2024-04-06 06:55:20.747,11216.0,315.0,8,99.0,False,12,car,0 days 00:00:05.475000,0 days 01:07:28.176000,460.2508333333333
2024-04-06 06:55:20.987,11216.0,317.0,8,99.0,False,12,car,0 days 00:00:05.715000,0 days 01:07:28.416000,481.3841666666666
2024-04-06 06:55:21.228,11233.0,317.0,8,99.0,False,12,car,0 days 00:00:05.956000,0 days 01:07:28.657000,502.60555555555555
2024-04-06 06:55:21.628,11302.0,318.0,8,99.0,False,12,car,0 days 00:00:06.356000,0 days 01:07:29.057000,537.9388888888889
2024-04-06 06:55:21.788,11283.0,318.0,8,99.0,False,12,car,0 days 00:00:06.516000,0 days 01:07:29.217000,552.0722222222222
2024-04-06 06:55:22.108,11322.0,319.0,8,99.0,False,12,car,0 days 00:00:06.836000,0 days 01:07:29.537000,580.4277777777778
2024-04-06 06:55:22.428,11324.0,319.0,8,99.0,False,14,car,0 days 00:00:07.156000,0 days 01:07:29.857000,608.7833333333333
2024-04-06 06:55:22.628,11276.0,319.0,8,99.0,False,10,car,0 days 00:00:07.356000,0 days 01:07:30.057000,626.5055555555556
2024-04-06 06:55:22.788,11219.0,316.0,8,99.0,False,8,car,0 days 00:00:07.516000,0 days 01:07:30.217000,640.5500000000001
2024-04-06 06:55:22.948,11061.0,315.0,8,99.0,False,8,car,0 days 00:00:07.676000,0 days 01:07:30.377000,654.5500000000001
2024-04-06 06:55:23.268,10954.0,309.0,8,99.0,False,8,car,0 days 00:00:07.996000,0 days 01:07:30.697000,682.0166666666668
2024-04-06 06:55:23.468,10727.0,305.0,8,81.0,True,8,car,0 days 00:00:08.196000,0 days 01:07:30.897000,698.9611111111111
2024-04-06 06:55:23.708,10048.0,283.0,8,7.0,True,8,car,0 days 00:00:08.436000,0 days 01:07:31.137000,717.8277777777778
2024-04-06 06:55:24.108,9801.0,239.0,8,5.0,True,8,car,0 days 00:00:08.836000,0 days 01:07:31.537000,744.3833333333333
2024-04-06 06:55:24.348,10952.0,222.0,6,7.0,True,8,car,0 days 00:00:09.076000,0 days 01:07:31.777000,759.1833333333334
2024-04-06 06:55:24.748,10244.0,201.0,5,9.0,True,8,car,0 days 00:00:09.476000,0 days 01:07:32.177000,781.5166666666668
2024-04-06 06:55:25.067,9763.0,187.0,5,9.0,True,8,car,0 days 00:00:09.795000,0 days 01:07:32.496000,798.0869444444445
2024-04-06 06:55:25.227,9511.0,183.0,5,35.0,True,8,car,0 days 00:00:09.955000,0 days 01:07:32.656000,806.2202777777778
2024-04-06 06:55:25.467,9566.0,179.0,5,60.0,False,8,car,0 days 00:00:10.195000,0 days 01:07:32.896000,818.1536111111112
2024-04-06 06:55:25.667,9684.0,179.0,5,62.0,False,8,car,0 days 00:00:10.395000,0 days 01:07:33.096000,828.0980555555557
2024-04-06 06:55:25.947,9814.0,180.0,5,72.0,False,8,car,0 days 00:00:10.675000,0 days 01:07:33.376000,842.0980555555557
2024-04-06 06:55:26.347,9774.0,182.0,5,72.0,False,8,car,0 days 00:00:11.075000,0 days 01:07:33.776000,862.3202777777778
2024-04-06 06:55:26.507,10050.0,185.0,5,72.0,False,8,car,0 days 00:00:11.235000,0 days 01:07:33.936000,870.5425
2024-04-06 06:55:26.707,10169.0,187.0,5,76.0,False,8,car,0 days 00:00:11.435000,0 days 01:07:34.136000,880.9313888888889
2024-04-06 06:55:26.987,10516.0,191.0,5,99.0,False,8,car,0 days 00:00:11.715000,0 days 01:07:34.416000,895.7869444444444
2024-04-06 06:55:27.147,10844.0,196.0,5,99.0,False,8,car,0 days 00:00:11.875000,0 days 01:07:34.576000,904.4980555555555
2024-04-06 06:55:27.427,11096.0,200.0,5,99.0,False,8,car,0 days 00:00:12.155000,0 days 01:07:34.856000,920.0536111111111
2024-04-06 06:55:27.627,11369.0,205.0,5,99.0,False,8,car,0 days 00:00:12.355000,0 days 01:07:35.056000,931.4425
2024-04-06 06:55:27.828,11622.0,215.0,5,99.0,False,8,car,0 days 00:00:12.556000,0 days 01:07:35.257000,943.4466666666666
2024-04-06 06:55:27.988,11622.0,217.0,5,99.0,False,8,car,0 days 00:00:12.716000,0 days 01:07:35.417000,953.0911111111111
2024-04-06 06:55:28.268,11582.0,217.0,5,99.0,False,8,car,0 days 00:00:12.996000,0 days 01:07:35.697000,969.968888888889
2024-04-06 06:55:28.548,10614.0,231.0,6,99.0,False,8,car,0 days 00:00:13.276000,0 days 01:07:35.977000,987.9355555555555
2024-04-06 06:55:28.868,10982.0,235.0,6,99.0,False,8,car,0 days 00:00:13.596000,0 days 01:07:36.297000,1008.8244444444445
2024-04-06 06:55:29.228,11341.0,245.0,6,99.0,False,8,car,0 days 00:00:13.956000,0 days 01:07:36.657000,1033.3244444444445
2024-04-06 06:55:29.468,11460.0,248.0,6,99.0,False,8,car,0 days 00:00:14.196000,0 days 01:07:36.897000,1049.8577777777778
2024-04-06 06:55:29.708,11591.0,250.0,6,99.0,False,8,car,0 days 00:00:14.436000,0 days 01:07:37.137000,1066.5244444444445
2024-04-06 06:55:29.868,11638.0,252.0,6,99.0,False,8,car,0 days 00:00:14.596000,0 days 01:07:37.297000,1077.7244444444445
2024-04-06 06:55:30.228,11889.0,255.0,6,99.0,False,8,car,0 days 00:00:14.956000,0 days 01:07:37.657000,1103.2244444444445
2024-04-06 06:55:30.388,11799.0,253.0,6,99.0,False,8,car,0 days 00:00:15.116000,0 days 01:07:37.817000,1114.468888888889
2024-04-06 06:55:30.708,11732.0,254.0,6,99.0,False,8,car,0 days 00:00:15.436000,0 days 01:07:38.137000,1137.0466666666669
2024-04-06 06:55:30.988,11798.0,257.0,6,90.0,True,8,car,0 days 00:00:15.716000,0 days 01:07:38.417000,1157.0355555555557
2024-04-06 06:55:31.268,11270.0,253.0,6,52.0,True,8,car,0 days 00:00:15.996000,0 days 01:07:38.697000,1176.7133333333336
2024-04-06 06:55:31.468,11066.0,246.0,6,51.0,True,8,car,0 days 00:00:16.196000,0 days 01:07:38.897000,1190.3800000000003
2024-04-06 06:55:31.667,10817.0,240.0,6,52.0,False,8,car,0 days 00:00:16.395000,0 days 01:07:39.096000,1203.646666666667
2024-04-06 06:55:31.867,10702.0,235.0,6,60.0,False,8,car,0 days 00:00:16.595000,0 days 01:07:39.296000,1216.7022222222224
2024-04-06 06:55:32.107,10695.0,229.0,6,72.0,False,8,car,0 days 00:00:16.835000,0 days 01:07:39.536000,1231.9688888888893
2024-04-06 06:55:32.427,10766.0,230.0,6,83.0,False,8,car,0 days 00:00:17.155000,0 days 01:07:39.856000,1252.4133333333339
2024-04-06 06:55:32.587,10819.0,230.0,6,87.0,False,8,car,0 days 00:00:17.315000,0 days 01:07:40.016000,1262.635555555556
2024-04-06 06:55:32.907,10828.0,236.0,6,99.0,False,8,car,0 days 00:00:17.635000,0 days 01:07:40.336000,1283.613333333334
2024-04-06 06:55:33.107,10874.0,238.0,6,99.0,False,8,car,0 days 00:00:17.835000,0 days 01:07:40.536000,1296.835555555556
2024-04-06 06:55:33.467,10867.0,240.0,6,53.0,True,8,car,0 days 00:00:18.195000,0 days 01:07:40.896000,1320.835555555556
2024-04-06 06:55:33.867,10398.0,229.0,6,48.0,False,8,car,0 days 00:00:18.595000,0 days 01:07:41.296000,1346.2800000000004
2024-04-06 06:55:34.067,10161.0,224.0,6,55.0,False,8,car,0 days 00:00:18.795000,0 days 01:07:41.496000,1358.724444444445
2024-04-06 06:55:34.228,10081.0,220.0,6,56.0,False,8,car,0 days 00:00:18.956000,0 days 01:07:41.657000,1368.5633333333337
2024-04-06 06:55:34.468,10008.0,219.0,6,64.0,False,8,car,0 days 00:00:19.196000,0 days 01:07:41.897000,1383.1633333333339
2024-04-06 06:55:34.868,10080.0,214.0,6,86.0,False,8,car,0 days 00:00:19.596000,0 days 01:07:42.297000,1406.9411111111115
2024-04-06 06:55:35.308,10298.0,224.0,6,99.0,False,8,car,0 days 00:00:20.036000,0 days 01:07:42.737000,1434.3188888888894
2024-04-06 06:55:35.468,10399.0,224.0,6,99.0,False,8,car,0 days 00:00:20.196000,0 days 01:07:42.897000,1444.274444444445
2024-04-06 06:55:35.708,10614.0,230.0,6,76.0,False,8,car,0 days 00:00:20.436000,0 days 01:07:43.137000,1459.6077777777782
2024-04-06 06:55:36.068,11104.0,221.0,6,29.0,True,8,car,0 days 00:00:20.796000,0 days 01:07:43.497000,1481.7077777777781
2024-04-06 06:55:36.308,11182.0,211.0,5,47.0,False,8,car,0 days 00:00:21.036000,0 days 01:07:43.737000,1495.774444444445
2024-04-06 06:55:36.468,11132.0,207.0,5,57.0,False,8,car,0 days 00:00:21.196000,0 days 01:07:43.897000,1504.974444444445
2024-04-06 06:55:36.628,10709.0,204.0,5,43.0,False,8,car,0 days 00:00:21.356000,0 days 01:07:44.057000,1514.0411111111116
2024-04-06 06:55:36.828,10644.0,200.0,5,57.0,False,8,car,0 days 00:00:21.556000,0 days 01:07:44.257000,1525.1522222222227
2024-04-06 06:55:37.148,10582.0,198.0,5,54.0,False,8,car,0 days 00:00:21.876000,0 days 01:07:44.577000,1542.7522222222226
2024-04-06 06:55:37.468,10542.0,195.0,5,64.0,False,8,car,0 days 00:00:22.196000,0 days 01:07:44.897000,1560.0855555555559
2024-04-06 06:55:37.708,10688.0,196.0,5,74.0,False,8,car,0 days 00:00:22.436000,0 days 01:07:45.137000,1573.1522222222225
2024-04-06 06:55:37.868,10828.0,197.0,5,77.0,False,8,car,0 days 00:00:22.596000,0 days 01:07:45.297000,1581.907777777778
2024-04-06 06:55:38.188,10935.0,201.0,5,87.0,False,8,car,0 days 00:00:22.916000,0 days 01:07:45.617000,1599.7744444444447
2024-04-06 06:55:38.427,11216.0,206.0,5,99.0,False,8,car,0 days 00:00:23.155000,0 days 01:07:45.856000,1613.4505555555559
2024-04-06 06:55:38.787,11621.0,215.0,5,99.0,False,8,car,0 days 00:00:23.515000,0 days 01:07:46.216000,1634.9505555555559
2024-04-06 06:55:38.987,11784.0,220.0,5,99.0,False,8,car,0 days 00:00:23.715000,0 days 01:07:46.416000,1647.172777777778
2024-04-06 06:55:39.187,10524.0,226.0,5,97.0,False,8,car,0 days 00:00:23.915000,0 days 01:07:46.616000,1659.7283333333335
2024-04-06 06:55:39.627,10623.0,230.0,6,86.0,False,8,car,0 days 00:00:24.355000,0 days 01:07:47.056000,1687.8394444444446
2024-04-06 06:55:39.867,10618.0,230.0,6,83.0,False,8,car,0 days 00:00:24.595000,0 days 01:07:47.296000,1703.1727777777778
2024-04-06 06:55:40.107,10717.0,232.0,6,91.0,False,8,car,0 days 00:00:24.835000,0 days 01:07:47.536000,1718.6394444444445
2024-04-06 06:55:40.307,10779.0,233.0,6,87.0,False,8,car,0 days 00:00:25.035000,0 days 01:07:47.736000,1731.5838888888889
2024-04-06 06:55:40.667,11072.0,235.0,6,90.0,False,8,car,0 days 00:00:25.395000,0 days 01:07:48.096000,1755.0838888888889
2024-04-06 06:55:41.068,11147.0,238.0,6,99.0,False,8,car,0 days 00:00:25.796000,0 days 01:07:48.497000,1781.5944444444444
2024-04-06 06:55:41.428,11196.0,242.0,6,99.0,False,8,car,0 days 00:00:26.156000,0 days 01:07:48.857000,1805.7944444444445
2024-04-06 06:55:41.708,11396.0,246.0,6,99.0,False,8,car,0 days 00:00:26.436000,0 days 01:07:49.137000,1824.927777777778
2024-04-06 06:55:41.868,11472.0,246.0,6,99.0,False,8,car,0 days 00:00:26.596000,0 days 01:07:49.297000,1835.8611111111113
2024-04-06 06:55:42.108,11536.0,252.0,6,99.0,False,8,car,0 days 00:00:26.836000,0 days 01:07:49.537000,1852.6611111111113
2024-04-06 06:55:42.268,11647.0,252.0,6,99.0,False,8,car,0 days 00:00:26.996000,0 days 01:07:49.697000,1863.8611111111113
2024-04-06 06:55:42.508,11798.0,254.0,6,99.0,False,8,car,0 days 00:00:27.236000,0 days 01:07:49.937000,1880.7944444444447
2024-04-06 06:55:42.668,10929.0,256.0,6,99.0,False,8,car,0 days 00:00:27.396000,0 days 01:07:50.097000,1892.1722222222224
2024-04-06 06:55:42.828,10520.0,259.0,6,99.0,False,8,car,0 days 00:00:27.556000,0 days 01:07:50.257000,1903.6833333333336
2024-04-06 06:55:43.068,10549.0,262.0,7,99.0,False,8,car,0 days 00:00:27.796000,0 days 01:07:50.497000,1921.15
2024-04-06 06:55:43.268,10708.0,264.0,7,99.0,False,8,car,0 days 00:00:27.996000,0 days 01:07:50.697000,1935.8166666666666
2024-04-06 06:55:43.548,10812.0,267.0,7,99.0,False,8,car,0 days 00:00:28.276000,0 days 01:07:50.977000,1956.5833333333333
2024-04-06 06:55:43.708,10818.0,270.0,7,99.0,False,8,car,0 days 00:00:28.436000,0 days 01:07:51.137000,1968.5833333333333
2024-04-06 06:55:43.988,10980.0,272.0,7,99.0,False,8,car,0 days 00:00:28.716000,0 days 01:07:51.417000,1989.7388888888888
2024-04-06 06:55:44.348,11077.0,274.0,7,99.0,False,8,car,0 days 00:00:29.076000,0 days 01:07:51.777000,2017.1388888888887
2024-04-06 06:55:44.548,11114.0,275.0,7,99.0,False,8,car,0 days 00:00:29.276000,0 days 01:07:51.977000,2032.4166666666665
2024-04-06 06:55:44.708,11114.0,277.0,7,99.0,False,8,car,0 days 00:00:29.436000,0 days 01:07:52.137000,2044.7277777777776
2024-04-06 06:55:44.908,11114.0,279.0,7,99.0,False,8,car,0 days 00:00:29.636000,0 days 01:07:52.337000,2060.2277777777776
2024-04-06 06:55:45.267,11289.0,281.0,7,99.0,False,8,car,0 days 00:00:29.995000,0 days 01:07:52.696000,2088.2497222222223
2024-04-06 06:55:45.427,11341.0,282.0,7,99.0,False,8,car,0 days 00:00:30.155000,0 days 01:07:52.856000,2100.7830555555556
2024-04-06 06:55:45.667,11408.0,284.0,7,99.0,False,8,car,0 days 00:00:30.395000,0 days 01:07:53.096000,2119.716388888889
2024-04-06 06:55:45.827,11408.0,285.0,7,99.0,False,8,car,0 days 00:00:30.555000,0 days 01:07:53.256000,2132.3830555555555
2024-04-06 06:55:46.067,11492.0,286.0,7,99.0,False,8,car,0 days 00:00:30.795000,0 days 01:07:53.496000,2151.449722222222
2024-04-06 06:55:46.347,11554.0,289.0,7,99.0,False,8,car,0 days 00:00:31.075000,0 days 01:07:53.776000,2173.9275
2024-04-06 06:55:46.707,11625.0,291.0,7,99.0,False,8,car,0 days 00:00:31.435000,0 days 01:07:54.136000,2203.0274999999997
2024-04-06 06:55:47.027,11443.0,290.0,7,90.0,True,8,car,0 days 00:00:31.755000,0 days 01:07:54.456000,2228.8052777777775
2024-04-06 06:55:47.388,11131.0,280.0,7,51.0,True,8,car,0 days 00:00:32.116000,0 days 01:07:54.817000,2256.8830555555555
2024-04-06 06:55:47.708,10939.0,271.0,7,72.0,False,8,car,0 days 00:00:32.436000,0 days 01:07:55.137000,2280.9719444444445
2024-04-06 06:55:48.108,10781.0,268.0,7,99.0,False,8,car,0 days 00:00:32.836000,0 days 01:07:55.537000,2310.7497222222223
2024-04-06 06:55:48.388,10782.0,268.0,7,99.0,False,8,car,0 days 00:00:33.116000,0 days 01:07:55.817000,2331.5941666666668
2024-04-06 06:55:48.708,10558.0,262.0,7,53.0,True,8,car,0 days 00:00:33.436000,0 days 01:07:56.137000,2354.8830555555555
2024-04-06 06:55:49.028,9376.0,230.0,7,5.0,True,8,car,0 days 00:00:33.756000,0 days 01:07:56.457000,2375.3275
2024-04-06 06:55:49.388,10576.0,178.0,6,6.0,True,8,car,0 days 00:00:34.116000,0 days 01:07:56.817000,2393.1275
2024-04-06 06:55:49.548,10336.0,178.0,5,6.0,True,8,car,0 days 00:00:34.276000,0 days 01:07:56.977000,2401.0386111111115
2024-04-06 06:55:49.828,9742.0,159.0,4,8.0,True,8,car,0 days 00:00:34.556000,0 days 01:07:57.257000,2413.405277777778
2024-04-06 06:55:50.228,9434.0,149.0,4,17.0,False,8,car,0 days 00:00:34.956000,0 days 01:07:57.657000,2429.9608333333335
2024-04-06 06:55:50.548,9358.0,145.0,4,54.0,False,8,car,0 days 00:00:35.276000,0 days 01:07:57.977000,2442.849722222222
2024-04-06 06:55:50.748,9547.0,143.0,4,73.0,False,8,car,0 days 00:00:35.476000,0 days 01:07:58.177000,2450.7941666666666
2024-04-06 06:55:51.028,10129.0,148.0,4,80.0,False,8,car,0 days 00:00:35.756000,0 days 01:07:58.457000,2462.3052777777775
2024-04-06 06:55:51.188,10451.0,153.0,4,83.0,False,8,car,0 days 00:00:35.916000,0 days 01:07:58.617000,2469.1052777777772
2024-04-06 06:55:51.468,11043.0,159.0,4,99.0,False,8,car,0 days 00:00:36.196000,0 days 01:07:58.897000,2481.471944444444
2024-04-06 06:55:51.708,11603.0,177.0,4,99.0,False,8,car,0 days 00:00:36.436000,0 days 01:07:59.137000,2493.271944444444
2024-04-06 06:55:51.987,9779.0,190.0,4,99.0,False,8,car,0 days 00:00:36.715000,0 days 01:07:59.416000,2507.9969444444446
2024-04-06 06:55:52.227,10723.0,193.0,5,99.0,False,8,car,0 days 00:00:36.955000,0 days 01:07:59.656000,2520.863611111111
2024-04-06 06:55:52.747,11548.0,213.0,5,99.0,False,8,car,0 days 00:00:37.475000,0 days 01:08:00.176000,2551.630277777778
2024-04-06 06:55:53.027,11863.0,223.0,5,99.0,False,8,car,0 days 00:00:37.755000,0 days 01:08:00.456000,2568.974722222222
2024-04-06 06:55:53.187,12007.0,227.0,5,99.0,False,8,car,0 days 00:00:37.915000,0 days 01:08:00.616000,2579.0636111111107
2024-04-06 06:55:53.587,10739.0,236.0,6,99.0,False,8,car,0 days 00:00:38.315000,0 days 01:08:01.016000,2605.285833333333
2024-04-06 06:55:53.988,11215.0,244.0,6,99.0,False,8,car,0 days 00:00:38.716000,0 days 01:08:01.417000,2632.464722222222
2024-04-06 06:55:54.268,11489.0,248.0,6,99.0,False,8,car,0 days 00:00:38.996000,0 days 01:08:01.697000,2651.753611111111
2024-04-06 06:55:54.588,11657.0,254.0,6,99.0,False,8,car,0 days 00:00:39.316000,0 days 01:08:02.017000,2674.331388888889
2024-04-06 06:55:54.788,11806.0,258.0,6,99.0,False,8,car,0 days 00:00:39.516000,0 days 01:08:02.217000,2688.664722222222
2024-04-06 06:55:54.988,11933.0,259.0,6,99.0,False,8,car,0 days 00:00:39.716000,0 days 01:08:02.417000,2703.053611111111
2024-04-06 06:55:55.228,12030.0,262.0,6,99.0,False,8,car,0 days 00:00:39.956000,0 days 01:08:02.657000,2720.5202777777777
2024-04-06 06:55:55.548,12190.0,263.0,6,99.0,False,8,car,0 days 00:00:40.276000,0 days 01:08:02.977000,2743.8980555555554
2024-04-06 06:55:55.828,12241.0,264.0,6,99.0,False,8,car,0 days 00:00:40.556000,0 days 01:08:03.257000,2764.4313888888883
2024-04-06 06:55:56.028,12176.0,265.0,6,99.0,False,8,car,0 days 00:00:40.756000,0 days 01:08:03.457000,2779.153611111111
2024-04-06 06:55:56.308,11616.0,254.0,6,5.0,True,8,car,0 days 00:00:41.036000,0 days 01:08:03.737000,2798.9091666666664
2024-04-06 06:55:56.668,10731.0,212.0,6,1.0,True,8,car,0 days 00:00:41.396000,0 days 01:08:04.097000,2820.109166666666
2024-04-06 06:55:56.828,10068.0,185.0,6,1.0,True,8,car,0 days 00:00:41.556000,0 days 01:08:04.257000,2828.3313888888883
2024-04-06 06:55:56.988,10181.0,172.0,6,2.0,True,8,car,0 days 00:00:41.716000,0 days 01:08:04.417000,2835.975833333333
2024-04-06 06:55:57.148,10525.0,151.0,5,1.0,True,8,car,0 days 00:00:41.876000,0 days 01:08:04.577000,2842.6869444444437
2024-04-06 06:55:57.508,10124.0,120.0,2,1.0,True,8,car,0 days 00:00:42.236000,0 days 01:08:04.937000,2854.6869444444437
2024-04-06 06:55:57.828,8706.0,104.0,2,0.0,True,8,car,0 days 00:00:42.556000,0 days 01:08:05.257000,2863.9313888888883
2024-04-06 06:55:58.028,8286.0,98.0,2,0.0,True,8,car,0 days 00:00:42.756000,0 days 01:08:05.457000,2869.3758333333326
2024-04-06 06:55:58.268,7669.0,91.0,2,0.0,True,8,car,0 days 00:00:42.996000,0 days 01:08:05.697000,2875.442499999999
2024-04-06 06:55:58.547,7274.0,83.0,2,0.0,True,8,car,0 days 00:00:43.275000,0 days 01:08:05.976000,2881.874999999999
2024-04-06 06:55:58.787,6741.0,78.0,2,0.0,False,8,car,0 days 00:00:43.515000,0 days 01:08:06.216000,2887.074999999999
2024-04-06 06:55:59.107,6957.0,74.0,2,15.0,False,8,car,0 days 00:00:43.835000,0 days 01:08:06.536000,2893.6527777777765
2024-04-06 06:55:59.347,6835.0,74.0,2,34.0,False,8,car,0 days 00:00:44.075000,0 days 01:08:06.776000,2898.58611111111
2024-04-06 06:55:59.587,7044.0,77.0,2,37.0,False,8,car,0 days 00:00:44.315000,0 days 01:08:07.016000,2903.719444444443
2024-04-06 06:55:59.787,7161.0,79.0,2,39.0,False,8,car,0 days 00:00:44.515000,0 days 01:08:07.216000,2908.108333333332
2024-04-06 06:56:00.107,7790.0,81.0,2,51.0,False,8,car,0 days 00:00:44.835000,0 days 01:08:07.536000,2915.308333333332
2024-04-06 06:56:00.267,8184.0,85.0,2,57.0,False,8,car,0 days 00:00:44.995000,0 days 01:08:07.696000,2919.08611111111
2024-04-06 06:56:00.507,8668.0,93.0,2,59.0,False,8,car,0 days 00:00:45.235000,0 days 01:08:07.936000,2925.28611111111
2024-04-06 06:56:00.748,9860.0,96.0,2,72.0,False,8,car,0 days 00:00:45.476000,0 days 01:08:08.177000,2931.712777777777
2024-04-06 06:56:00.948,10606.0,106.0,2,76.0,False,8,car,0 days 00:00:45.676000,0 days 01:08:08.377000,2937.601666666666
2024-04-06 06:56:01.188,10741.0,119.0,2,80.0,False,8,car,0 days 00:00:45.916000,0 days 01:08:08.617000,2945.534999999999
2024-04-06 06:56:01.508,10152.0,131.0,3,84.0,False,8,car,0 days 00:00:46.236000,0 days 01:08:08.937000,2957.1794444444436
2024-04-06 06:56:01.668,10572.0,137.0,3,98.0,False,8,car,0 days 00:00:46.396000,0 days 01:08:09.097000,2963.2683333333325
2024-04-06 06:56:01.908,10852.0,149.0,3,98.0,False,8,car,0 days 00:00:46.636000,0 days 01:08:09.337000,2973.201666666666
2024-04-06 06:56:02.228,10914.0,169.0,4,99.0,False,8,car,0 days 00:00:46.956000,0 days 01:08:09.657000,2988.2238888888883
2024-04-06 06:56:02.388,11463.0,178.0,4,99.0,False,8,car,0 days 00:00:47.116000,0 days 01:08:09.817000,2996.1349999999993
2024-04-06 06:56:02.548,11603.0,182.0,4,99.0,False,8,car,0 days 00:00:47.276000,0 days 01:08:09.977000,3004.2238888888883
2024-04-06 06:56:02.748,11790.0,191.0,4,99.0,False,8,car,0 days 00:00:47.476000,0 days 01:08:10.177000,3014.834999999999
2024-04-06 06:56:03.028,10859.0,201.0,5,99.0,False,8,car,0 days 00:00:47.756000,0 days 01:08:10.457000,3030.4683333333323
2024-04-06 06:56:03.228,11315.0,208.0,5,99.0,False,8,car,0 days 00:00:47.956000,0 days 01:08:10.657000,3042.023888888888
2024-04-06 06:56:03.428,11482.0,213.0,5,99.0,False,8,car,0 days 00:00:48.156000,0 days 01:08:10.857000,3053.857222222221
2024-04-06 06:56:03.628,11783.0,213.0,5,99.0,False,8,car,0 days 00:00:48.356000,0 days 01:08:11.057000,3065.6905555555545
2024-04-06 06:56:03.988,11217.0,229.0,5,99.0,False,8,car,0 days 00:00:48.716000,0 days 01:08:11.417000,3088.5905555555546
2024-04-06 06:56:04.308,10914.0,235.0,6,99.0,False,8,car,0 days 00:00:49.036000,0 days 01:08:11.737000,3109.4794444444433
2024-04-06 06:56:04.468,11040.0,238.0,6,99.0,False,8,car,0 days 00:00:49.196000,0 days 01:08:11.897000,3120.057222222221
2024-04-06 06:56:04.668,11256.0,242.0,6,99.0,False,8,car,0 days 00:00:49.396000,0 days 01:08:12.097000,3133.5016666666656
2024-04-06 06:56:04.868,11516.0,245.0,6,99.0,False,8,car,0 days 00:00:49.596000,0 days 01:08:12.297000,3147.1127777777765
2024-04-06 06:56:05.028,11396.0,247.0,6,99.0,False,8,car,0 days 00:00:49.756000,0 days 01:08:12.457000,3158.0905555555546
2024-04-06 06:56:05.307,11600.0,252.0,6,99.0,False,8,car,0 days 00:00:50.035000,0 days 01:08:12.736000,3177.6205555555543
2024-04-06 06:56:05.587,11796.0,256.0,6,99.0,False,8,car,0 days 00:00:50.315000,0 days 01:08:13.016000,3197.5316666666654
2024-04-06 06:56:05.827,10256.0,258.0,6,99.0,False,8,car,0 days 00:00:50.555000,0 days 01:08:13.256000,3214.7316666666657
2024-04-06 06:56:06.027,10575.0,261.0,7,99.0,False,8,car,0 days 00:00:50.755000,0 days 01:08:13.456000,3229.2316666666657
2024-04-06 06:56:06.347,10680.0,264.0,7,99.0,False,8,car,0 days 00:00:51.075000,0 days 01:08:13.776000,3252.6983333333324
2024-04-06 06:56:06.747,10902.0,270.0,7,99.0,False,8,car,0 days 00:00:51.475000,0 days 01:08:14.176000,3282.6983333333324
2024-04-06 06:56:07.148,11040.0,274.0,7,99.0,False,8,car,0 days 00:00:51.876000,0 days 01:08:14.577000,3313.2188888888877
2024-04-06 06:56:07.348,11151.0,275.0,7,99.0,False,8,car,0 days 00:00:52.076000,0 days 01:08:14.777000,3328.4966666666655
2024-04-06 06:56:07.588,11219.0,280.0,7,99.0,False,8,car,0 days 00:00:52.316000,0 days 01:08:15.017000,3347.1633333333325
2024-04-06 06:56:07.828,11313.0,280.0,7,99.0,False,8,car,0 days 00:00:52.556000,0 days 01:08:15.257000,3365.8299999999986
2024-04-06 06:56:08.028,11356.0,283.0,7,99.0,False,8,car,0 days 00:00:52.756000,0 days 01:08:15.457000,3381.552222222221
2024-04-06 06:56:08.348,11425.0,285.0,7,99.0,False,8,car,0 days 00:00:53.076000,0 days 01:08:15.777000,3406.8855555555547
2024-04-06 06:56:08.548,11503.0,287.0,7,99.0,False,8,car,0 days 00:00:53.276000,0 days 01:08:15.977000,3422.8299999999995
2024-04-06 06:56:08.788,11542.0,288.0,7,99.0,False,8,car,0 days 00:00:53.516000,0 days 01:08:16.217000,3442.029999999999
2024-04-06 06:56:09.068,11616.0,288.0,7,99.0,False,8,car,0 days 00:00:53.796000,0 days 01:08:16.497000,3464.429999999999
2024-04-06 06:56:09.348,11611.0,288.0,7,99.0,False,8,car,0 days 00:00:54.076000,0 days 01:08:16.777000,3486.829999999999
2024-04-06 06:56:09.628,11610.0,290.0,7,100.0,False,8,car,0 days 00:00:54.356000,0 days 01:08:17.057000,3509.3855555555547
2024-04-06 06:56:09.868,11679.0,290.0,7,99.0,False,8,car,0 days 00:00:54.596000,0 days 01:08:17.297000,3528.7188888888877
2024-04-06 06:56:10.268,11693.0,291.0,7,99.0,False,8,car,0 days 00:00:54.996000,0 days 01:08:17.697000,3561.0522222222216
2024-04-06 06:56:10.668,11749.0,292.0,7,99.0,False,8,car,0 days 00:00:55.396000,0 days 01:08:18.097000,3593.496666666666
2024-04-06 06:56:11.068,11803.0,293.0,7,99.0,False,8,car,0 days 00:00:55.796000,0 days 01:08:18.497000,3626.0522222222216
2024-04-06 06:56:11.228,11814.0,294.0,7,99.0,False,8,car,0 days 00:00:55.956000,0 days 01:08:18.657000,3639.1188888888887
2024-04-06 06:56:11.388,11822.0,295.0,7,99.0,False,8,car,0 days 00:00:56.116000,0 days 01:08:18.817000,3652.2299999999996
2024-04-06 06:56:11.708,11883.0,296.0,7,99.0,False,8,car,0 days 00:00:56.436000,0 days 01:08:19.137000,3678.5411111111107
2024-04-06 06:56:11.908,11855.0,296.0,7,99.0,False,8,car,0 days 00:00:56.636000,0 days 01:08:19.337000,3694.9855555555555
2024-04-06 06:56:12.067,11753.0,296.0,7,99.0,False,8,car,0 days 00:00:56.795000,0 days 01:08:19.496000,3708.0588888888888
2024-04-06 06:56:12.387,11323.0,289.0,7,20.0,True,8,car,0 days 00:00:57.115000,0 days 01:08:19.816000,3733.7477777777776
2024-04-06 06:56:12.547,11201.0,281.0,7,19.0,True,8,car,0 days 00:00:57.275000,0 days 01:08:19.976000,3746.236666666666
2024-04-06 06:56:12.707,12016.0,267.0,7,20.0,True,8,car,0 days 00:00:57.435000,0 days 01:08:20.136000,3758.103333333333
2024-04-06 06:56:13.147,11319.0,250.0,6,63.0,False,8,car,0 days 00:00:57.875000,0 days 01:08:20.576000,3788.658888888888
2024-04-06 06:56:13.427,11189.0,244.0,6,64.0,False,8,car,0 days 00:00:58.155000,0 days 01:08:20.856000,3807.636666666666
2024-04-06 06:56:13.828,10964.0,239.0,6,71.0,False,8,car,0 days 00:00:58.556000,0 days 01:08:21.257000,3834.25861111111
2024-04-06 06:56:14.188,10658.0,236.0,6,57.0,False,8,car,0 days 00:00:58.916000,0 days 01:08:21.617000,3857.85861111111
2024-04-06 06:56:14.388,10157.0,232.0,6,5.0,True,8,car,0 days 00:00:59.116000,0 days 01:08:21.817000,3870.747499999999
2024-04-06 06:56:14.588,10577.0,214.0,6,5.0,True,8,car,0 days 00:00:59.316000,0 days 01:08:22.017000,3882.636388888888
2024-04-06 06:56:14.748,10704.0,214.0,5,6.0,True,8,car,0 days 00:00:59.476000,0 days 01:08:22.177000,3892.147499999999
2024-04-06 06:56:14.948,10109.0,199.0,5,5.0,True,8,car,0 days 00:00:59.676000,0 days 01:08:22.377000,3903.203055555555
2024-04-06 06:56:15.108,9896.0,191.0,5,5.0,True,8,car,0 days 00:00:59.836000,0 days 01:08:22.537000,3911.6919444444434
2024-04-06 06:56:15.508,9405.0,180.0,5,7.0,True,8,car,0 days 00:01:00.236000,0 days 01:08:22.937000,3931.6919444444434
2024-04-06 06:56:16.468,9854.0,177.0,5,80.0,False,8,car,0 days 00:01:01.196000,0 days 01:08:23.897000,3978.891944444443
2024-04-06 06:56:16.708,9961.0,182.0,5,83.0,False,8,car,0 days 00:01:01.436000,0 days 01:08:24.137000,3991.0252777777764
2024-04-06 06:56:16.948,10492.0,187.0,5,99.0,False,8,car,0 days 00:01:01.676000,0 days 01:08:24.377000,4003.491944444443
2024-04-06 06:56:17.148,10778.0,193.0,5,99.0,False,8,car,0 days 00:01:01.876000,0 days 01:08:24.577000,4014.2141666666653
2024-04-06 06:56:17.388,11000.0,202.0,5,99.0,False,8,car,0 days 00:01:02.116000,0 days 01:08:24.817000,4027.680833333332
2024-04-06 06:56:17.628,11287.0,209.0,5,99.0,False,8,car,0 days 00:01:02.356000,0 days 01:08:25.057000,4041.6141666666654
2024-04-06 06:56:17.868,11628.0,214.0,5,99.0,False,8,car,0 days 00:01:02.596000,0 days 01:08:25.297000,4055.880833333332
2024-04-06 06:56:18.268,10947.0,225.0,5,99.0,False,8,car,0 days 00:01:02.996000,0 days 01:08:25.697000,4080.8808333333322
2024-04-06 06:56:18.468,10699.0,230.0,6,99.0,False,8,car,0 days 00:01:03.196000,0 days 01:08:25.897000,4093.6586111111096
2024-04-06 06:56:18.667,10982.0,236.0,6,99.0,False,8,car,0 days 00:01:03.395000,0 days 01:08:26.096000,4106.7041666666655
2024-04-06 06:56:18.907,11134.0,243.0,6,99.0,False,8,car,0 days 00:01:03.635000,0 days 01:08:26.336000,4122.904166666665
2024-04-06 06:56:19.307,11537.0,251.0,6,99.0,False,8,car,0 days 00:01:04.035000,0 days 01:08:26.736000,4150.793055555554
2024-04-06 06:56:19.587,11746.0,257.0,6,99.0,False,8,car,0 days 00:01:04.315000,0 days 01:08:27.016000,4170.781944444443
2024-04-06 06:56:19.907,10766.0,262.0,6,99.0,False,8,car,0 days 00:01:04.635000,0 days 01:08:27.336000,4194.070833333332
2024-04-06 06:56:20.067,10587.0,263.0,7,99.0,False,8,car,0 days 00:01:04.795000,0 days 01:08:27.496000,4205.759722222221
2024-04-06 06:56:20.428,10782.0,269.0,7,99.0,False,8,car,0 days 00:01:05.156000,0 days 01:08:27.857000,4232.734444444443
2024-04-06 06:56:20.788,10926.0,272.0,7,99.0,False,8,car,0 days 00:01:05.516000,0 days 01:08:28.217000,4259.934444444443
2024-04-06 06:56:21.148,11075.0,275.0,7,99.0,False,8,car,0 days 00:01:05.876000,0 days 01:08:28.577000,4287.434444444443
2024-04-06 06:56:21.348,11199.0,277.0,7,99.0,False,8,car,0 days 00:01:06.076000,0 days 01:08:28.777000,4302.823333333331
2024-04-06 06:56:21.708,11233.0,280.0,7,99.0,False,8,car,0 days 00:01:06.436000,0 days 01:08:29.137000,4330.823333333332
2024-04-06 06:56:21.988,11307.0,282.0,7,99.0,False,8,car,0 days 00:01:06.716000,0 days 01:08:29.417000,4352.756666666664
2024-04-06 06:56:22.348,11393.0,285.0,7,99.0,False,8,car,0 days 00:01:07.076000,0 days 01:08:29.777000,4381.256666666664
2024-04-06 06:56:22.548,11457.0,285.0,7,99.0,False,8,car,0 days 00:01:07.276000,0 days 01:08:29.977000,4397.089999999998
2024-04-06 06:56:22.708,11500.0,287.0,7,99.0,False,8,car,0 days 00:01:07.436000,0 days 01:08:30.137000,4409.845555555555
2024-04-06 06:56:23.028,11525.0,288.0,7,99.0,False,8,car,0 days 00:01:07.756000,0 days 01:08:30.457000,4435.445555555554
2024-04-06 06:56:23.268,11566.0,287.0,7,99.0,False,8,car,0 days 00:01:07.996000,0 days 01:08:30.697000,4454.578888888887
2024-04-06 06:56:23.428,11606.0,289.0,7,99.0,False,8,car,0 days 00:01:08.156000,0 days 01:08:30.857000,4467.423333333332
2024-04-06 06:56:23.908,11623.0,291.0,7,99.0,False,8,car,0 days 00:01:08.636000,0 days 01:08:31.337000,4506.2233333333315
2024-04-06 06:56:24.228,10456.0,292.0,7,99.0,False,8,car,0 days 00:01:08.956000,0 days 01:08:31.657000,4532.178888888888
2024-04-06 06:56:24.508,10474.0,293.0,8,99.0,False,8,car,0 days 00:01:09.236000,0 days 01:08:31.937000,4554.967777777777
2024-04-06 06:56:24.828,10454.0,294.0,8,99.0,False,8,car,0 days 00:01:09.556000,0 days 01:08:32.257000,4581.10111111111
2024-04-06 06:56:24.988,10498.0,295.0,8,99.0,False,8,car,0 days 00:01:09.716000,0 days 01:08:32.417000,4594.212222222221
2024-04-06 06:56:25.188,10512.0,296.0,8,99.0,False,8,car,0 days 00:01:09.916000,0 days 01:08:32.617000,4610.656666666665
2024-04-06 06:56:25.427,10502.0,295.0,8,99.0,False,8,car,0 days 00:01:10.155000,0 days 01:08:32.856000,4630.241388888888
2024-04-06 06:56:25.707,10560.0,297.0,8,99.0,False,8,car,0 days 00:01:10.435000,0 days 01:08:33.136000,4653.341388888888
2024-04-06 06:56:26.067,10582.0,297.0,8,99.0,False,8,car,0 days 00:01:10.795000,0 days 01:08:33.496000,4683.041388888888
2024-04-06 06:56:26.267,10640.0,297.0,8,99.0,False,8,car,0 days 00:01:10.995000,0 days 01:08:33.696000,4699.541388888888
2024-04-06 06:56:26.507,10599.0,298.0,8,99.0,False,8,car,0 days 00:01:11.235000,0 days 01:08:33.936000,4719.408055555554
2024-04-06 06:56:26.707,10603.0,298.0,8,99.0,False,8,car,0 days 00:01:11.435000,0 days 01:08:34.136000,4735.9636111111095
2024-04-06 06:56:26.948,10669.0,299.0,8,99.0,False,8,car,0 days 00:01:11.676000,0 days 01:08:34.377000,4755.979999999999
2024-04-06 06:56:27.108,10669.0,299.0,8,99.0,False,8,car,0 days 00:01:11.836000,0 days 01:08:34.537000,4769.268888888887
2024-04-06 06:56:27.308,10676.0,300.0,8,99.0,False,8,car,0 days 00:01:12.036000,0 days 01:08:34.737000,4785.935555555554
2024-04-06 06:56:27.468,10668.0,300.0,8,99.0,False,8,car,0 days 00:01:12.196000,0 days 01:08:34.897000,4799.268888888887
2024-04-06 06:56:27.708,10690.0,301.0,8,99.0,False,8,car,0 days 00:01:12.436000,0 days 01:08:35.137000,4819.3355555555545
2024-04-06 06:56:27.908,10702.0,301.0,8,99.0,False,8,car,0 days 00:01:12.636000,0 days 01:08:35.337000,4836.057777777776
2024-04-06 06:56:28.068,10741.0,301.0,8,99.0,False,8,car,0 days 00:01:12.796000,0 days 01:08:35.497000,4849.435555555555
2024-04-06 06:56:28.428,10739.0,301.0,8,99.0,False,8,car,0 days 00:01:13.156000,0 days 01:08:35.857000,4879.535555555555
2024-04-06 06:56:28.868,10697.0,300.0,8,99.0,False,8,car,0 days 00:01:13.596000,0 days 01:08:36.297000,4916.202222222221
2024-04-06 06:56:29.188,10667.0,299.0,8,99.0,False,8,car,0 days 00:01:13.916000,0 days 01:08:36.617000,4942.779999999999
2024-04-06 06:56:29.388,10692.0,298.0,8,99.0,False,8,car,0 days 00:01:14.116000,0 days 01:08:36.817000,4959.3355555555545
2024-04-06 06:56:29.548,10677.0,298.0,8,99.0,False,8,car,0 days 00:01:14.276000,0 days 01:08:36.977000,4972.579999999999
2024-04-06 06:56:29.828,10614.0,299.0,8,99.0,False,8,car,0 days 00:01:14.556000,0 days 01:08:37.257000,4995.8355555555545
2024-04-06 06:56:30.108,10623.0,297.0,8,99.0,False,8,car,0 days 00:01:14.836000,0 days 01:08:37.537000,5018.935555555555
2024-04-06 06:56:30.468,10593.0,297.0,8,99.0,False,8,car,0 days 00:01:15.196000,0 days 01:08:37.897000,5048.635555555555
2024-04-06 06:56:30.868,10519.0,296.0,8,99.0,False,8,car,0 days 00:01:15.596000,0 days 01:08:38.297000,5081.524444444444
2024-04-06 06:56:31.108,10551.0,296.0,8,99.0,False,8,car,0 days 00:01:15.836000,0 days 01:08:38.537000,5101.257777777777
2024-04-06 06:56:31.268,10555.0,296.0,8,99.0,False,8,car,0 days 00:01:15.996000,0 days 01:08:38.697000,5114.413333333332
2024-04-06 06:56:31.428,10574.0,296.0,8,99.0,False,8,car,0 days 00:01:16.156000,0 days 01:08:38.857000,5127.568888888888
2024-04-06 06:56:31.628,10584.0,297.0,8,99.0,False,8,car,0 days 00:01:16.356000,0 days 01:08:39.057000,5144.068888888887
2024-04-06 06:56:31.908,10602.0,297.0,8,99.0,False,8,car,0 days 00:01:16.636000,0 days 01:08:39.337000,5167.1688888888875
2024-04-06 06:56:32.187,10619.0,298.0,8,99.0,False,8,car,0 days 00:01:16.915000,0 days 01:08:39.616000,5190.263888888889
2024-04-06 06:56:32.427,10611.0,298.0,8,99.0,False,8,car,0 days 00:01:17.155000,0 days 01:08:39.856000,5210.130555555555
2024-04-06 06:56:32.747,10656.0,297.0,8,99.0,False,8,car,0 days 00:01:17.475000,0 days 01:08:40.176000,5236.530555555554
2024-04-06 06:56:33.147,10066.0,296.0,8,0.0,True,8,car,0 days 00:01:17.875000,0 days 01:08:40.576000,5269.419444444444
2024-04-06 06:56:33.307,9559.0,282.0,8,0.0,True,8,car,0 days 00:01:18.035000,0 days 01:08:40.736000,5281.952777777777
2024-04-06 06:56:33.548,9071.0,231.0,7,0.0,True,8,car,0 days 00:01:18.276000,0 days 01:08:40.977000,5297.416944444443
2024-04-06 06:56:33.988,9124.0,165.0,7,0.0,True,8,car,0 days 00:01:18.716000,0 days 01:08:41.417000,5317.58361111111
2024-04-06 06:56:34.228,8628.0,155.0,5,0.0,True,8,car,0 days 00:01:18.956000,0 days 01:08:41.657000,5327.916944444444
2024-04-06 06:56:34.588,8544.0,118.0,3,0.0,True,8,car,0 days 00:01:19.316000,0 days 01:08:42.017000,5339.716944444444
2024-04-06 06:56:34.828,7734.0,109.0,3,2.0,True,8,car,0 days 00:01:19.556000,0 days 01:08:42.257000,5346.983611111111
2024-04-06 06:56:35.228,7158.0,97.0,3,3.0,True,8,car,0 days 00:01:19.956000,0 days 01:08:42.657000,5357.761388888889
2024-04-06 06:56:35.468,7071.0,93.0,3,18.0,False,8,car,0 days 00:01:20.196000,0 days 01:08:42.897000,5363.961388888889
2024-04-06 06:56:35.708,6540.0,93.0,3,28.0,False,8,car,0 days 00:01:20.436000,0 days 01:08:43.137000,5370.161388888889
2024-04-06 06:56:35.988,6960.0,94.0,3,40.0,False,8,car,0 days 00:01:20.716000,0 days 01:08:43.417000,5377.4725
2024-04-06 06:56:36.268,7385.0,96.0,3,41.0,False,8,car,0 days 00:01:20.996000,0 days 01:08:43.697000,5384.939166666666
2024-04-06 06:56:36.548,8036.0,103.0,3,55.0,False,8,car,0 days 00:01:21.276000,0 days 01:08:43.977000,5392.950277777777
2024-04-06 06:56:36.868,7549.0,107.0,3,0.0,True,8,car,0 days 00:01:21.596000,0 days 01:08:44.297000,5402.461388888888
2024-04-06 06:56:37.148,7515.0,100.0,3,6.0,False,8,car,0 days 00:01:21.876000,0 days 01:08:44.577000,5410.239166666665
2024-04-06 06:56:37.308,7177.0,98.0,3,14.0,False,8,car,0 days 00:01:22.036000,0 days 01:08:44.737000,5414.594722222221
2024-04-06 06:56:37.708,7187.0,96.0,3,42.0,False,8,car,0 days 00:01:22.436000,0 days 01:08:45.137000,5425.261388888888
2024-04-06 06:56:37.988,7866.0,100.0,3,59.0,False,8,car,0 days 00:01:22.716000,0 days 01:08:45.417000,5433.039166666666
2024-04-06 06:56:38.148,8442.0,103.0,3,68.0,False,8,car,0 days 00:01:22.876000,0 days 01:08:45.577000,5437.616944444444
2024-04-06 06:56:38.548,9556.0,118.0,3,80.0,False,8,car,0 days 00:01:23.276000,0 days 01:08:45.977000,5450.728055555554
2024-04-06 06:56:38.748,10201.0,126.0,3,90.0,False,8,car,0 days 00:01:23.476000,0 days 01:08:46.177000,5457.728055555554
2024-04-06 06:56:38.947,11005.0,137.0,3,99.0,False,8,car,0 days 00:01:23.675000,0 days 01:08:46.376000,5465.30111111111
2024-04-06 06:56:39.107,11259.0,147.0,3,99.0,False,8,car,0 days 00:01:23.835000,0 days 01:08:46.536000,5471.834444444443
2024-04-06 06:56:39.307,11119.0,157.0,4,99.0,False,8,car,0 days 00:01:24.035000,0 days 01:08:46.736000,5480.5566666666655
2024-04-06 06:56:39.547,11149.0,162.0,4,99.0,False,8,car,0 days 00:01:24.275000,0 days 01:08:46.976000,5491.356666666666
2024-04-06 06:56:39.867,10309.0,179.0,4,99.0,False,8,car,0 days 00:01:24.595000,0 days 01:08:47.296000,5507.267777777776
2024-04-06 06:56:40.188,10520.0,193.0,5,99.0,False,8,car,0 days 00:01:24.916000,0 days 01:08:47.617000,5524.476944444443
2024-04-06 06:56:40.388,10814.0,200.0,5,99.0,False,8,car,0 days 00:01:25.116000,0 days 01:08:47.817000,5535.588055555554
2024-04-06 06:56:40.628,10995.0,206.0,5,99.0,False,8,car,0 days 00:01:25.356000,0 days 01:08:48.057000,5549.321388888887
2024-04-06 06:56:40.828,11246.0,206.0,5,99.0,False,8,car,0 days 00:01:25.556000,0 days 01:08:48.257000,5560.765833333331
2024-04-06 06:56:41.228,11803.0,222.0,5,99.0,False,8,car,0 days 00:01:25.956000,0 days 01:08:48.657000,5585.432499999998
2024-04-06 06:56:41.628,10423.0,231.0,6,99.0,False,8,car,0 days 00:01:26.356000,0 days 01:08:49.057000,5611.099166666664
2024-04-06 06:56:42.068,11124.0,239.0,6,100.0,False,8,car,0 days 00:01:26.796000,0 days 01:08:49.497000,5640.310277777776
2024-04-06 06:56:42.428,11379.0,247.0,6,99.0,False,8,car,0 days 00:01:27.156000,0 days 01:08:49.857000,5665.010277777776
2024-04-06 06:56:42.868,11776.0,255.0,6,99.0,False,14,car,0 days 00:01:27.596000,0 days 01:08:50.297000,5696.176944444442
2024-04-06 06:56:43.148,10298.0,261.0,7,99.0,False,12,car,0 days 00:01:27.876000,0 days 01:08:50.577000,5716.476944444442
2024-04-06 06:56:43.428,10705.0,266.0,7,99.0,False,12,car,0 days 00:01:28.156000,0 days 01:08:50.857000,5737.165833333331
2024-04-06 06:56:43.668,10892.0,269.0,7,99.0,False,12,car,0 days 00:01:28.396000,0 days 01:08:51.097000,5755.099166666664
2024-04-06 06:56:43.988,11077.0,274.0,7,99.0,False,12,car,0 days 00:01:28.716000,0 days 01:08:51.417000,5779.454722222219
